Country;Desc_country;SSM;LEI_Code;Name;ST_16;LEI_Code_ST16;TR_15;LEI_Code_TR15;Finrep;Fin_year_end
AT;Austria;Y;PQOH26KWDF7CG10L6792;Erste Group Bank AG;Y;PQOH26KWDF7CG10L6792;Y;PQOH26KWDF7CG10L6792;Yes - IFRS;31/12
AT;Austria;Y;5299004SNO5GECIBWJ18;Promontoria Sacher Holding N.V.;N;;Y;5299004SNO5GECIBWJ18;Yes - IFRS;31/12
AT;Austria;Y;529900XSTAE561178282;Raiffeisenbankengruppe OÖ Verbund eGen;N;;Y;529900XSTAE561178282;Yes - IFRS;31/12
AT;Austria;Y;529900SXEWPJ1MRRX537;Raiffeisen-Holding Niederösterreich-Wien Registrierte Genossenschaft Mit Beschränkter Haftung;N;;Y;529900SXEWPJ1MRRX537;Yes - IFRS;31/12
AT;Austria;Y;529900JP9C734S1LE008;Raiffeisen-Landesbanken-Holding GmbH;Y;529900JP9C734S1LE008;Y;529900JP9C734S1LE008;Yes - IFRS;31/12
AT;Austria;Y;529900IZ8TASAYR3A694;Sberbank Europe AG;N;;N;;Yes - IFRS;31/12
AT;Austria;Y;529900D4CD6DIB3CI904;Volksbank Wien AG;N;;N;;Yes - IFRS;31/12
AT;Austria;Y;15DYKVGPQCMYBH2DZ583;VTB Bank AG;N;;N;;Yes - GAAP;31/12
BE;Belgium;Y;LSGM84136ACA92XCN876;AXA Bank Europe SA;N;;Y;LSGM84136ACA92XCN876;Yes - IFRS;31/12
BE;Belgium;Y;MMYX0N4ZEZ13Z4XCG897;Bank of New York Mellon;N;;N;;Yes - IFRS;31/12
BE;Belgium;Y;A5GWLFH3KM7YV2SFQL84;Belfius Banque SA;Y;A5GWLFH3KM7YV2SFQL84;Y;A5GWLFH3KM7YV2SFQL84;Yes - IFRS;31/12
BE;Belgium;Y;D3K6HXMBBB6SK9OXH394;Dexia NV;N;;Y;D3K6HXMBBB6SK9OXH394;Yes - IFRS;31/12
BE;Belgium;Y;5493008QOCP58OLEN998;Investar;N;;Y;5493008QOCP58OLEN998;Yes - IFRS;31/12
BE;Belgium;Y;213800X3Q9LSAKRUWY91;KBC Group NV;Y;213800X3Q9LSAKRUWY91;Y;213800X3Q9LSAKRUWY91;Yes - IFRS;31/12
BG;Bulgaria;N;549300UY81ESCZJ0GR95;First Investment Bank;N;;N;;Yes - IFRS;31/12
CY;Cyprus;Y;PQ0RAP85KK9Z75ONZW93;Bank of Cyprus Public Company Limited;N;;Y;PQ0RAP85KK9Z75ONZW93;Yes - IFRS;31/12
CY;Cyprus;Y;5493007F6CE5P22TJ731;Co -operative Central Bank  Ltd ;N;;Y;5493007F6CE5P22TJ731;Yes - IFRS;31/12
CY;Cyprus;Y;CXUHEGU3MADZ2CEV7C11;Hellenic Bank Public Company Ltd;N;;Y;CXUHEGU3MADZ2CEV7C11;Yes - IFRS;31/12
CY;Cyprus;Y;253400EBCBBVB9TUHN50;RCB Bank Ltd ;N;;N;;No FINREP;31/12
DK;Denmark;N;MAES062Z21O4RZ2U7M96;Danske Bank;Y;MAES062Z21O4RZ2U7M96;Y;MAES062Z21O4RZ2U7M96;Yes - IFRS;31/12
DK;Denmark;N;3M5E1GQGKL17HI6CPN30;Jyske Bank;Y;3M5E1GQGKL17HI6CPN30;Y;3M5E1GQGKL17HI6CPN30;Yes - IFRS;31/12
DK;Denmark;N;LIU16F6VZJSD6UKHD557;Nykredit Realkredit;Y;LIU16F6VZJSD6UKHD557;Y;LIU16F6VZJSD6UKHD557;Yes - IFRS;31/12
DK;Denmark;N;GP5DT10VX1QRQUKVBK64;Sydbank;N;;Y;GP5DT10VX1QRQUKVBK64;Yes - IFRS;31/12
FI;Finland;Y;529900HEKOENJHPNN480;Kuntarahoitus Oyj;N;;N;;No FINREP;31/12
FI;Finland;Y;7437003B5WFBOIEFY714;OP-Pohjola Group;Y;7437003B5WFBOIEFY714;Y;7437003B5WFBOIEFY714;Yes - IFRS;31/12
FR;France;Y;R1IO4YJ0O79SMWVCHB58;Banque Centrale de Compensation (LCH Clearnet);N;;N;;No FINREP;31/12
FR;France;Y;9695004ON2K947Z21B87;Banque PSA Finance;N;;N;;Yes - IFRS;31/12
FR;France;Y;R0MUWSFPU8MPRO8K5P83;BNP Paribas SA;Y;R0MUWSFPU8MPRO8K5P83;Y;R0MUWSFPU8MPRO8K5P83;Yes - IFRS;31/12
FR;France;Y;969500FYSB4IT3QWYB65;Bpifrance (Banque Publique d’Investissement);N;;Y;969500FYSB4IT3QWYB65;Yes - IFRS;31/12
FR;France;Y;9695000CG7B84NLR5984;Crédit Mutuel Group;Y;9695000CG7B84NLR5984;Y;9695000CG7B84NLR5984;Yes - IFRS;31/12
FR;France;Y;969500TVVZM86W7W5I94;CRH (Caisse de Refinancement de l'Habitat);N;;Y;969500TVVZM86W7W5I94;No FINREP;31/12
FR;France;Y;FR9695005MSX1OYEMGDF;Groupe BPCE;Y;9695005MSX1OYEMGDF46;Y;9695005MSX1OYEMGDF46;Yes - IFRS;31/12
FR;France;Y;FR969500TJ5KRTCJQWXH;Groupe Credit Agricole;Y;969500TJ5KRTCJQWXH05;Y;969500TJ5KRTCJQWXH05;Yes - IFRS;31/12
FR;France;Y;96950066U5XAAIRCPA78;La Banque Postale;Y;96950066U5XAAIRCPA78;Y;96950066U5XAAIRCPA78;Yes - IFRS;31/12
FR;France;Y;96950001WI712W7PQG45;RCI Banque (Renault Crédit International);N;;Y;96950001WI712W7PQG45;Yes - IFRS;31/12
FR;France;Y;549300HFEHJOXGE4ZE63;SFIL (Société de Financement Local);N;;Y;549300HFEHJOXGE4ZE63;Yes - IFRS;31/12
FR;France;Y;O2RNE8IBXP4R0TD8PU41;Société Générale SA;Y;O2RNE8IBXP4R0TD8PU41;Y;O2RNE8IBXP4R0TD8PU41;Yes - IFRS;31/12
DE;Germany;Y;EZKODONU5TYHW4PP1R34;Aareal Bank AG;N;;Y;EZKODONU5TYHW4PP1R34;Yes - IFRS;31/12
DE;Germany;Y;VDYMYTQGZZ6DU0912C88;Bayerische Landesbank;Y;VDYMYTQGZZ6DU0912C88;Y;VDYMYTQGZZ6DU0912C88;Yes - IFRS;31/12
DE;Germany;Y;851WYGNLUQLFZBSYGB56;Commerzbank AG;Y;851WYGNLUQLFZBSYGB56;Y;851WYGNLUQLFZBSYGB56;Yes - IFRS;31/12
DE;Germany;Y;0W2PZJM8XOY22M4GG883;DekaBank Deutsche Girozentrale;Y;0W2PZJM8XOY22M4GG883;Y;0W2PZJM8XOY22M4GG883;Yes - IFRS;31/12
DE;Germany;Y;5299007S3UH5RKUYDA52;Deutsche Apotheker- und Ärztebank eG;N;;Y;5299007S3UH5RKUYDA52;No FINREP;31/12
DE;Germany;Y;7LTWFZYICNSX8D621K86;Deutsche Bank AG;Y;7LTWFZYICNSX8D621K86;Y;7LTWFZYICNSX8D621K86;Yes - IFRS;31/12
DE;Germany;Y;DZZ47B9A52ZJ6LT6VV95;Deutsche Pfandbriefbank AG;N;;Y;52990082YOVOZIC8QX60;Yes - IFRS;31/12
DE;Germany;Y;529900HNOAA1KXQJUQ27;Deutsche Zentral-Genossenschaftsbank AG;N;;Y;529900HNOAA1KXQJUQ27;Yes - IFRS;31/12
DE;Germany;Y;391200EEGLNXBBCVKC73;Erwerbsgesellschaft der S-Finanzgruppe mbH & Co. KG;N;;Y;391200EEGLNXBBCVKC73;Yes - GAAP;31/12
DE;Germany;Y;529900JZTYE3W7WQH904;HASPA Finanzholding;N;;Y;529900JZTYE3W7WQH904;Yes - GAAP;31/12
DE;Germany;Y;TUKDD90GPC79G1KOE162;HSH Nordbank AG;N;;Y;TUKDD90GPC79G1KOE162;Yes - IFRS;31/12
DE;Germany;Y;B81CK4ESI35472RHJ606;Landesbank Baden-Württemberg;Y;B81CK4ESI35472RHJ606;Y;B81CK4ESI35472RHJ606;Yes - IFRS;31/12
DE;Germany;Y;DIZES5CFO5K3I5R58746;Landesbank Hessen-Thüringen Girozentrale;Y;DIZES5CFO5K3I5R58746;Y;DIZES5CFO5K3I5R58746;Yes - IFRS;31/12
DE;Germany;Y;0SK1ILSPWNVBNQWU0W18;Landeskreditbank Baden-Württemberg–Förderbank;N;;Y;0SK1ILSPWNVBNQWU0W18;No FINREP;31/12
DE;Germany;Y;529900Z3J0N6S0F7CT25;Landwirtschaftliche Rentenbank;N;;Y;529900Z3J0N6S0F7CT25;Yes - IFRS;31/12
DE;Germany;Y;529900GM944JT8YIRL63;Münchener Hypothekenbank eG;N;;Y;529900GM944JT8YIRL63;No FINREP;31/12
DE;Germany;Y;DSNHHQ2B9X5N6OUJ1236;NORD/LB Norddeutsche Landesbank Girozentrale;Y;DSNHHQ2B9X5N6OUJ1236;Y;DSNHHQ2B9X5N6OUJ1236;Yes - IFRS;31/12
DE;Germany;Y;52990002O5KK6XOGJ020;NRW.BANK, Düsseldorf;Y;52990002O5KK6XOGJ020;Y;52990002O5KK6XOGJ020;Yes - GAAP;31/12
DE;Germany;Y;529900USFSZYPS075O24;VW Financial Services AG;Y;529900USFSZYPS075O24;Y;529900USFSZYPS075O24;Yes - IFRS;31/12
GR;Greece;Y;5299009N55YRQC69CN08;Alpha Bank AE;N;;N;;Yes - IFRS;31/12
GR;Greece;Y;JEUVK5RWVJEN8W0C9M24;Eurobank Ergasias SA;N;;N;;Yes - IFRS;31/12
GR;Greece;Y;5UMCZOEYKCVFAW8ZLO05;National Bank of Greece SA;N;;N;;Yes - IFRS;31/12
GR;Greece;Y;M6AD1Y1KW32H8THQ6F76;Piraeus Bank SA;N;;N;;Yes - IFRS;31/12
HU;Hungary;N;529900W3MOO00A18X956;OTP Bank Nyrt.;Y;529900W3MOO00A18X956;Y;529900W3MOO00A18X956;Yes - IFRS;31/12
IE;Ireland;Y;3U8WV1YX2VMUHH7Z1Q21;Allied Irish Banks, Plc;Y;3U8WV1YX2VMUHH7Z1Q21;Y;3U8WV1YX2VMUHH7Z1Q21;Yes - IFRS;31/12
IE;Ireland;Y;Q2GQA2KF6XJ24W42G291;Bank of Ireland;Y;Q2GQA2KF6XJ24W42G291;Y;Q2GQA2KF6XJ24W42G291;Yes - IFRS;31/12
IE;Ireland;Y;HRRVUBV0XN84YQZT6245;DEPFA BANK Plc;N;;N;;Yes - IFRS;31/12
IE;Ireland;Y;635400DTNHVYGZODKQ93;Permanent TSB Group Holdings Plc;N;;Y;635400DTNHVYGZODKQ93;Yes - IFRS;31/12
IT;Italy;Y;F1T87K3OQ2OV1UORLH26;Banca Carige SpA - Cassa di Risparmio di Genova e Imperia;N;;Y;F1T87K3OQ2OV1UORLH26;Yes - IFRS;31/12
IT;Italy;Y;J4CP7MHCXR8DAQMKIL78;Banca Monte dei Paschi di Siena SpA;Y;J4CP7MHCXR8DAQMKIL78;Y;J4CP7MHCXR8DAQMKIL78;Yes - IFRS;31/12
IT;Italy;Y;N747OI7JINV7RUUH6190;Banca popolare dell'Emilia Romagna SC;N;;Y;N747OI7JINV7RUUH6190;Yes - IFRS;31/12
IT;Italy;Y;8156009BC82130E7FC43;Banca Popolare di Milano Scarl;N;;Y;8156009BC82130E7FC43;Yes - IFRS;31/12
IT;Italy;Y;J48C8PCSJVUBR8KCW529;Banca Popolare di Sondrio;N;;Y;J48C8PCSJVUBR8KCW529;Yes - IFRS;31/12
IT;Italy;Y;V3AFM0G2D3A6E0QWDG59;Banca Popolare di Vicenza SCpA;N;;Y;V3AFM0G2D3A6E0QWDG59;Yes - IFRS;31/12
IT;Italy;Y;5493006P8PDBI8LC0O96;Banco Popolare Società Cooperativa;Y;5493006P8PDBI8LC0O96;Y;5493006P8PDBI8LC0O96;Yes - IFRS;31/12
IT;Italy;Y;815600AD83B2B6317788;Credito Emiliano Holding SpA;N;;Y;815600AD83B2B6317788;Yes - IFRS;31/12
IT;Italy;Y;549300BDV4C410CYAQ76;Credito Valtellinese;N;;N;;Yes - IFRS;31/12
IT;Italy;Y;815600D79C96B9661149;ICCREA Holding;N;;Y;815600D79C96B9661149;Yes - IFRS;31/12
IT;Italy;Y;2W8N8UU78PMDQKZENC08;Intesa Sanpaolo SpA;Y;2W8N8UU78PMDQKZENC08;Y;2W8N8UU78PMDQKZENC08;Yes - IFRS;31/12
IT;Italy;Y;PSNL19R2RXX5U3QWHI44;Mediobanca - Banca di Credito Finanziario SpA;N;;Y;PSNL19R2RXX5U3QWHI44;Yes - IFRS;30/06
IT;Italy;Y;549300TRUWO2CD2G5692;UniCredit SpA;Y;549300TRUWO2CD2G5692;Y;549300TRUWO2CD2G5692;Yes - IFRS;31/12
IT;Italy;Y;81560097964CBDAED282;Unione di Banche Italiane SCpA;Y;81560097964CBDAED282;Y;81560097964CBDAED282;Yes - IFRS;31/12
IT;Italy;Y;549300W9STRUCJ2DLU64;Veneto Banca SCpA;N;;Y;549300W9STRUCJ2DLU64;Yes - IFRS;31/12
LV;Latvia;Y;549300IHIJ7SCANBWN17;ABLV Bank;N;;Y;549300IHIJ7SCANBWN17;Yes - IFRS;31/12
LU;Luxembourg;Y;R7CQUF1DQM73HUTV1078;Banque et Caisse d'Epargne de l'Etat, Luxembourg;N;;Y;R7CQUF1DQM73HUTV1078;No FINREP;31/12
LU;Luxembourg;Y;549300AUUQG072ATL746;Precision Capital S.A.;N;;Y;549300AUUQG072ATL746;Yes - IFRS;31/12
LU;Luxembourg;Y;549300IVXKQHV6O7PY61;RBC Investor Services Bank S.A.;N;;N;;Yes - IFRS;31/12
LU;Luxembourg;Y;RNVZOEETEJ32KW0QXS82;State Street Bank Luxembourg S.A.;N;;N;;No FINREP;31/12
LU;Luxembourg;Y;5299007CS17YR0FL8U25;UBS (Luxembourg) S.A.;N;;N;;No FINREP;31/12
MT;Malta;Y;529900RWC8ZYB066JF16;Bank of Valletta Plc;N;;Y;529900RWC8ZYB066JF16;Yes - IFRS;30/09
MT;Malta;Y;213800EUDXECGWMKKR98;Commbank Europe Ltd;N;;N;;No FINREP;30/06
MT;Malta;Y;213800TC9PZRBHMJW403;Medifin Holding Ltd;N;;N;;Yes - IFRS;31/03
NL;Netherlands;Y;724500DWE10NNL1AXZ52;ABN AMRO Groep N.V.;Y;724500DWE10NNL1AXZ52;Y;724500DWE10NNL1AXZ52;Yes - IFRS;31/12
NL;Netherlands;Y;DG3RU1DBUFHT4ZF9WN62;Coöperatieve Rabobank U.A.;Y;DG3RU1DBUFHT4ZF9WN62;Y;DG3RU1DBUFHT4ZF9WN62;Yes - IFRS;31/12
NL;Netherlands;Y;549300NYKK9MWM7GGW15;ING Groep N.V.;Y;549300NYKK9MWM7GGW15;Y;549300NYKK9MWM7GGW15;Yes - IFRS;31/12
NL;Netherlands;Y;529900GGYMNGRQTDOO93;N.V. Bank Nederlandse Gemeenten;Y;529900GGYMNGRQTDOO93;Y;529900GGYMNGRQTDOO93;Yes - IFRS;31/12
NL;Netherlands;Y;JLP5FSPH9WPSHY3NIM24;Nederlandse Waterschapsbank N.V. ;N;;Y;JLP5FSPH9WPSHY3NIM24;No FINREP;31/12
NL;Netherlands;Y;724500VLXQUMMD5BJB61;SNS Holding B.V.;N;;Y;72450032NPOX5UJQTI97;Yes - IFRS;31/12
NO;Norway;N;549300GKFG0RYRRQ1414;DNB ASA;Y;549300GKFG0RYRRQ1414;Y;549300GKFG0RYRRQ1414;Yes - IFRS;31/12
NO;Norway;N;549300Q3OIWRHQUQM052;SR-bank  ;N;;N;;Yes - IFRS;31/12
PL;Poland;N;P4GTT6GF1W40CVIMFR43;Powszechna Kasa Oszczednosci Bank Polski Spolka Akcyjna;Y;P4GTT6GF1W40CVIMFR43;Y;P4GTT6GF1W40CVIMFR43;Yes - IFRS;31/12
PT;Portugal;Y;3DM5DPGI3W6OU6GJ4N92;Banco BPI SA;N;;Y;3DM5DPGI3W6OU6GJ4N92;Yes - IFRS;31/12
PT;Portugal;Y;JU1U6S0DG9YLT7N8ZV32;Banco Comercial Português SA;N;;Y;JU1U6S0DG9YLT7N8ZV32;Yes - IFRS;31/12
PT;Portugal;Y;529900H2MBEC07BLTB26;Caixa Central de Crédito Agrícola Mútuo, CRL;N;;N;;Yes - IFRS;31/12
PT;Portugal;Y;2138004FIUXU3B2MR537;Caixa Económica Montepio Geral;N;;N;;Yes - IFRS;31/12
PT;Portugal;Y;TO822O0VT80V06K0FH57;Caixa Geral de Depósitos SA;N;;Y;TO822O0VT80V06K0FH57;Yes - IFRS;31/12
PT;Portugal;Y;5493009W2E2YDCXY6S81;Novo Banco;N;;N;;Yes - IFRS;31/12
RO;Romania;N;549300RG3H390KEL8896;Banca Transilvania;N;;N;;Yes - IFRS;31/12
SI;Slovenia;Y;549300J0GSZ83GTKBZ89;NOVA KREDITNA BANKA MARIBOR D.D.;N;;Y;549300J0GSZ83GTKBZ89;Yes - IFRS;31/12
SI;Slovenia;Y;5493001BABFV7P27OW30;NOVA LJUBLJANSKA BANKA D.D., LJUBLJANA;N;;Y;5493001BABFV7P27OW30;Yes - IFRS;31/12
ES;Spain;Y;9598003BP0LHPHDWV834;ABANCA Holding Financiero;N;;Y;95980020140005986047;Yes - IFRS;31/12
ES;Spain;Y;K8MS7FD7N5Z2WQ51AZ71;Banco Bilbao Vizcaya Argentaria, SA;Y;K8MS7FD7N5Z2WQ51AZ71;Y;K8MS7FD7N5Z2WQ51AZ71;Yes - IFRS;31/12
ES;Spain;Y;95980020140005881190;Banco de Crédito Social Cooperativo SA’;N;;Y;95980020140005881190;Yes - IFRS;31/12
ES;Spain;Y;SI5RG2M0WQQLZCXKRM20;Banco de Sabadell, SA;Y;SI5RG2M0WQQLZCXKRM20;Y;SI5RG2M0WQQLZCXKRM20;Yes - IFRS;31/12
ES;Spain;Y;549300PY124PITBSWN73;Banco Mare Nostrum;N;;Y;549300PY124PITBSWN73;Yes - IFRS;31/12
ES;Spain;Y;80H66LPTVDLM0P28XF25;Banco Popular Español SA;Y;80H66LPTVDLM0P28XF25;Y;80H66LPTVDLM0P28XF25;Yes - IFRS;31/12
ES;Spain;Y;5493006QMFDDMYWIAM13;Banco Santander SA;Y;5493006QMFDDMYWIAM13;Y;5493006QMFDDMYWIAM13;Yes - IFRS;31/12
ES;Spain;Y;VWMYAEQSTOPNV0SUGU82;Bankinter SA;N;;Y;VWMYAEQSTOPNV0SUGU82;Yes - IFRS;31/12
ES;Spain;Y;549300TJUHHEE8YXKI59;BFA Tenedora de Acciones;Y;549300TJUHHEE8YXKI59;Y;549300TJUHHEE8YXKI59;Yes - IFRS;31/12
ES;Spain;Y;959800DQQUAMV0K08004;Criteria Caixa S.A.U.;Y;959800DQQUAMV0K08004;Y;959800DQQUAMV0K08004;Yes - IFRS;31/12
ES;Spain;Y;549300OLBL49CW8CT155;Ibercaja Banco;N;;Y;549300OLBL49CW8CT155;Yes - IFRS;31/12
ES;Spain;Y;549300U4LIZV0REEQQ46;Kutxabank;N;;Y;549300U4LIZV0REEQQ46;Yes - IFRS;31/12
ES;Spain;Y;635400XT3V7WHLSFYY25;Liberbank;N;;Y;635400XT3V7WHLSFYY25;Yes - IFRS;31/12
ES;Spain;Y;5493007SJLLCTM6J6M37;Unicaja Banco S.A.;N;;Y;5493007SJLLCTM6J6M37;Yes - IFRS;31/12
SE;Sweden;N;EV2XZWMLLXF2QRX0CD47;Kommuninvest - group;N;;N;;Yes - IFRS;31/12
SE;Sweden;N;6SCPQ280AIY8EP3XFW53;Nordea Bank - group;Y;6SCPQ280AIY8EP3XFW53;Y;6SCPQ280AIY8EP3XFW53;Yes - IFRS;31/12
SE;Sweden;N;H0YX5LBGKDVOWCXBZ594;SBAB Bank AB - group;N;;N;;Yes - IFRS;31/12
SE;Sweden;N;F3JS33DEI6XQ4ZBPTN86;Skandinaviska Enskilda Banken - group;Y;F3JS33DEI6XQ4ZBPTN86;Y;F3JS33DEI6XQ4ZBPTN86;Yes - IFRS;31/12
SE;Sweden;N;NHBDILHZTYCNBV5UYZ31;Svenska Handelsbanken - group;Y;NHBDILHZTYCNBV5UYZ31;Y;NHBDILHZTYCNBV5UYZ31;Yes - IFRS;31/12
SE;Sweden;N;M312WZV08Y7LYUC71685;Swedbank - group;Y;M312WZV08Y7LYUC71685;Y;M312WZV08Y7LYUC71685;Yes - IFRS;31/12
UK;United Kingdom;N;G5GSEF7VJP5I7OUK5573;Barclays Plc;Y;G5GSEF7VJP5I7OUK5573;Y;G5GSEF7VJP5I7OUK5573;Yes - IFRS;31/12
UK;United Kingdom;N;MLU0ZO3ML4LN2LL2TL39;HSBC Holdings Plc;Y;MLU0ZO3ML4LN2LL2TL39;Y;MLU0ZO3ML4LN2LL2TL39;Yes - IFRS;31/12
UK;United Kingdom;N;549300PPXHEU2JF0AM85;Lloyds Banking Group Plc;Y;549300PPXHEU2JF0AM85;Y;549300PPXHEU2JF0AM85;Yes - IFRS;31/12
UK;United Kingdom;N;2138005O9XJIJN4JPN90;The Royal Bank of Scotland Group Public Limited Company;Y;2138005O9XJIJN4JPN90;Y;2138005O9XJIJN4JPN90;Yes - IFRS;31/12
OT;Other;N;xxxxxxxxxxxxxxxxxxxx;All other banks;N;;N;;;31/12
