﻿Collection;Item;Item_TR_2016;Item_TR_2015;Category;Label;DERIVED_TEMPLATE
TR2017;1720101;1620101;150101;Capital;OWN FUNDS;Capital
TR2017;1720102;1620102;150102;Capital;COMMON EQUITY TIER 1 CAPITAL (net of deductions and after applying transitional adjustments);Capital
TR2017;1720103;1620103;150103;Capital;Capital instruments eligible as CET1 Capital (including share premium and net own capital instruments);Capital
TR2017;1720104;1620104;150104;Capital;Retained earnings;Capital
TR2017;1720105;1620105;150105;Capital;Accumulated other comprehensive income;Capital
TR2017;1720106;1620106;150106;Capital;Other Reserves;Capital
TR2017;1720107;1620107;150107;Capital;Funds for general banking risk;Capital
TR2017;1720108;1620108;150108;Capital;Minority interest given recognition in CET1 capital;Capital
TR2017;1720109;1620109;150109;Capital;Adjustments to CET1 due to prudential filters;Capital
TR2017;1720110;1620110;150110;Capital;(-) Intangible assets (including Goodwill) ;Capital
TR2017;1720111;1620111;150111;Capital;(-) DTAs that rely on future profitability and do not arise from temporary differences net of associated DTLs ;Capital
TR2017;1720112;1620112;150112;Capital;(-) IRB shortfall of credit risk adjustments to expected losses;Capital
TR2017;1720113;1620113;150113;Capital;(-) Defined benefit pension fund assets;Capital
TR2017;1720114;1620114;150114;Capital;(-) Reciprocal cross holdings in CET1 Capital;Capital
TR2017;1720115;1620115;150115;Capital;(-) Excess deduction from AT1 items over AT1 Capital;Capital
TR2017;1720116;1620116;150116;Capital;(-) Deductions related to assets which can alternatively be subject to a 1.250% risk weight;Capital
TR2017;1720117;1620117;150117;Capital; (-) Deductions related to assets which can alternatively be subject to a 1.250% risk weight - Of which: from securitisation positions (-);Capital
TR2017;1720118;1620118;150118;Capital;(-) Holdings of CET1 capital instruments of financial sector entities where the institiution does not have a significant investment;Capital
TR2017;1720119;1620119;150119;Capital;(-) Deductible DTAs that rely on future profitability and arise from temporary differences;Capital
TR2017;1720120;1620120;150120;Capital;(-) Holdings of CET1 capital instruments of financial sector entities where the institiution has a significant investment;Capital
TR2017;1720121;1620121;150121;Capital;(-) Amount exceding the 17.65% threshold ;Capital
TR2017;1720122;1620122;;Capital;(-) Additional deductions of CET1 Capital due to Article 3 CRR;Capital
TR2017;1720123;1620123;150122;Capital;CET1 capital elements or deductions - other;Capital
TR2017;1720124;1620124;150123;Capital;Transitional adjustments;Capital
TR2017;1720125;1620125;150124;Capital;Transitional adjustments due to grandfathered CET1 Capital instruments (+/-);Capital
TR2017;1720126;1620126;150125;Capital;Transitional adjustments due to additional minority interests (+/-);Capital
TR2017;1720127;1620127;150126;Capital;Other transitional adjustments to CET1 Capital (+/-);Capital
TR2017;1720128;1620128;150127;Capital;ADDITIONAL TIER 1 CAPITAL (net of deductions and after transitional adjustments);Capital
TR2017;1720129;1620129;150128;Capital;Additional Tier 1 Capital instruments;Capital
TR2017;1720130;1620130;;Capital;(-) Excess deduction from T2 items over T2 capital;Capital
TR2017;1720131;1620131;150129;Capital;Other Additional Tier 1 Capital components and deductions;Capital
TR2017;1720132;1620132;;Capital;Additional Tier 1 transitional adjustments;Capital
TR2017;1720133;1620133;150130;Capital;TIER 1 CAPITAL (net of deductions and after transitional adjustments);Capital
TR2017;1720134;1620134;150131;Capital;TIER 2 CAPITAL (net of deductions and after transitional adjustments);Capital
TR2017;1720135;1620135;150132;Capital;Tier 2 Capital instruments;Capital
TR2017;1720136;1620136;150133;Capital;Other Tier 2 Capital components and deductions;Capital
TR2017;1720137;1620137;;Capital;Tier 2 transitional adjustments;Capital
TR2017;1720138;1620138;150134;Capital;TOTAL RISK EXPOSURE AMOUNT;Capital
TR2017;1720139;1620139;;Capital; TOTAL RISK EXPOSURE AMOUNT - Of which: Transitional adjustments included;Capital
TR2017;1720140;1620140;150135;Capital;COMMON EQUITY TIER 1 CAPITAL RATIO (transitional period);Capital
TR2017;1720141;1620141;150136;Capital;TIER 1 CAPITAL RATIO (transitional period);Capital
TR2017;1720142;1620142;150137;Capital;TOTAL CAPITAL RATIO (transitional period);Capital
TR2017;1720143;1620143;;Capital;COMMON EQUITY TIER 1 CAPITAL (fully loaded);Capital
TR2017;1720146;1620146;;Capital;COMMON EQUITY TIER 1 CAPITAL RATIO (fully loaded);Capital
TR2017;1720501;1620501;150501;Credit Risk;Original Exposure (SA_and_IRB);Credit Risk_STA_a
TR2017;1720502;1620502;150502;Credit Risk;Original Exposure - by exposure class (SA_and_IRB);Credit Risk_STA_a
TR2017;1720503;1620503;150503;Credit Risk;Original Exposure - SME - by exposure class (SA_and_IRB);Credit Risk_STA_a
TR2017;1720521;1620521;150521;Credit Risk;Exposure value (SA_and_IRB);Credit Risk_STA_a
TR2017;1720522;1620522;150522;Credit Risk;Exposure value - by exposure class (SA_and_IRB);Credit Risk_STA_a
TR2017;1720523;1620523;150523;Credit Risk;Exposure value - SME - by exposure class (SA_and_IRB);Credit Risk_STA_a
TR2017;1720531;1620531;150531;Credit Risk;Risk exposure amount (SA_and_IRB);Credit Risk_STA_a
TR2017;1720532;1620532;150532;Credit Risk;Risk exposure amount - by exposure class (SA_and_IRB);Credit Risk_STA_a
TR2017;1720533;1620533;150533;Credit Risk;Risk exposure amount - SME - by exposure class (SA_and_IRB);Credit Risk_STA_a
TR2017;1720551;1620551;150551;Credit Risk;Value adjustments and provisions (SA_and_IRB);Credit Risk_STA_a
TR2017;1720552;1620552;150552;Credit Risk;Value adjustments and provisions - by exposure class (SA_and_IRB);Credit Risk_STA_a
TR2017;1720502;1620502;150502;Credit Risk;Original Exposure - by exposure class (SA_and_IRB);Credit Risk_IRB_a
TR2017;1720503;1620503;150503;Credit Risk;Original Exposure - SME - by exposure class (SA_and_IRB);Credit Risk_IRB_a
TR2017;1720504;1620504;150504;Credit Risk;Original Exposure - Corporates - Specialised Lending (IRB);Credit Risk_IRB_a
TR2017;1720505;1620505;150505;Credit Risk;Original Exposure - Retail - by type (IRB);Credit Risk_IRB_a
TR2017;1720506;1620506;150506;Credit Risk;Original Exposure - Retail_non SME - by type (IRB);Credit Risk_IRB_a
TR2017;1720512;1620512;150512;Credit Risk;Original Exposure - of which_DEFAULTED - by exposure class (SA_and_IRB);Credit Risk_IRB_a
TR2017;1720513;1620513;150513;Credit Risk;Original Exposure - SME_of which_DEFAULTED - by exposure class (SA_and_IRB);Credit Risk_IRB_a
TR2017;1720514;1620514;150514;Credit Risk;Original Exposure - Corporates_Specialised Lending - of which_DEFAULTED (IRB);Credit Risk_IRB_a
TR2017;1720515;1620515;150515;Credit Risk;Original Exposure - Retail of which_DEFAULTED - by type (IRB);Credit Risk_IRB_a
TR2017;1720516;1620516;150516;Credit Risk;Original Exposure - Retail - non SME - of which_DEFAULTED - by type (IRB);Credit Risk_IRB_a
TR2017;1720522;1620522;150522;Credit Risk;Exposure value - by exposure class (SA_and_IRB);Credit Risk_IRB_a
TR2017;1720523;1620523;150523;Credit Risk;Exposure value - SME - by exposure class (SA_and_IRB);Credit Risk_IRB_a
TR2017;1720524;1620524;150524;Credit Risk;Exposure value - Corporates_Specialised Lending (IRB);Credit Risk_IRB_a
TR2017;1720525;1620525;150525;Credit Risk;Exposure value - Retail - by type (IRB);Credit Risk_IRB_a
TR2017;1720526;1620526;150526;Credit Risk;Exposure value - Retail - non SME - by type (IRB);Credit Risk_IRB_a
TR2017;1720531;1620531;150531;Credit Risk;Risk exposure amount (SA_and_IRB);Credit Risk_IRB_a
TR2017;1720532;1620532;150532;Credit Risk;Risk exposure amount - by exposure class (SA_and_IRB);Credit Risk_IRB_a
TR2017;1720533;1620533;150533;Credit Risk;Risk exposure amount - SME - by exposure class (SA_and_IRB);Credit Risk_IRB_a
TR2017;1720534;1620534;150534;Credit Risk;Risk Exposure amount - Corporates_Specialised Lending (IRB);Credit Risk_IRB_a
TR2017;1720535;1620535;150535;Credit Risk;Risk Exposure amount - Retail - by type (IRB);Credit Risk_IRB_a
TR2017;1720536;1620536;150536;Credit Risk;Risk Exposure amount - Retail - non SME - by type (IRB);Credit Risk_IRB_a
TR2017;1720542;1620542;150542;Credit Risk;Risk Exposure amount - of which_DEFAULTED  - by exposure class (IRB);Credit Risk_IRB_a
TR2017;1720543;1620543;150543;Credit Risk;Risk Exposure amount - SME - of which_DEFAULTED  - by exposure class (IRB);Credit Risk_IRB_a
TR2017;1720544;1620544;150544;Credit Risk;Risk Exposure amount - Corporates_Specialised Lending - of which_DEFAULTED (IRB);Credit Risk_IRB_a
TR2017;1720545;1620545;150545;Credit Risk;Risk Exposure amount - Retail - of which_DEFAULTED  - by type (IRB);Credit Risk_IRB_a
TR2017;1720546;1620546;150546;Credit Risk;Risk Exposure amount - Retail - non SME - of which_DEFAULTED - by type (IRB);Credit Risk_IRB_a
TR2017;1720552;1620552;150552;Credit Risk;Value adjustments and provisions - by exposure class (SA_and_IRB);Credit Risk_IRB_a
TR2017;1720553;1620553;150553;Credit Risk;Value adjustments and provisions - SME - by exposure class (SA_and_IRB);Credit Risk_IRB_a
TR2017;1720554;1620554;150554;Credit Risk;Value adjustments and provisions - Corporates_Specialised Lending (IRB);Credit Risk_IRB_a
TR2017;1720555;1620555;150555;Credit Risk;Value adjustments and provisions - Retail - by type (IRB);Credit Risk_IRB_a
TR2017;1720556;1620556;150556;Credit Risk;Value adjustments and provisions - Retail - non SME - by type (IRB);Credit Risk_IRB_a
TR2017;1720502;1620502;150502;Credit Risk;Original Exposure - by exposure class (SA_and_IRB);Credit Risk_IRB_b
TR2017;1720504;1620504;150504;Credit Risk;Original Exposure - Corporates - Specialised Lending (IRB);Credit Risk_IRB_b
TR2017;1720503;1620503;150503;Credit Risk;Original Exposure - SME - by exposure class (SA_and_IRB);Credit Risk_IRB_b
TR2017;1720505;1620505;150505;Credit Risk;Original Exposure - Retail - by type (IRB);Credit Risk_IRB_b
TR2017;1720506;1620506;150506;Credit Risk;Original Exposure - Retail_non SME - by type (IRB);Credit Risk_IRB_b
TR2017;1720522;1620522;150522;Credit Risk;Exposure value - by exposure class (SA_and_IRB);Credit Risk_IRB_b
TR2017;1720524;1620524;150524;Credit Risk;Exposure value - Corporates_Specialised Lending (IRB);Credit Risk_IRB_b
TR2017;1720523;1620523;150523;Credit Risk;Exposure value - SME - by exposure class (SA_and_IRB);Credit Risk_IRB_b
TR2017;1720525;1620525;150525;Credit Risk;Exposure value - Retail - by type (IRB);Credit Risk_IRB_b
TR2017;1720526;1620526;150526;Credit Risk;Exposure value - Retail - non SME - by type (IRB);Credit Risk_IRB_b
TR2017;1720532;1620532;150532;Credit Risk;Risk exposure amount - by exposure class (SA_and_IRB);Credit Risk_IRB_b
TR2017;1720534;1620534;150534;Credit Risk;Risk Exposure amount - Corporates_Specialised Lending (IRB);Credit Risk_IRB_b
TR2017;1720533;1620533;150533;Credit Risk;Risk exposure amount - SME - by exposure class (SA_and_IRB);Credit Risk_IRB_b
TR2017;1720535;1620535;150535;Credit Risk;Risk Exposure amount - Retail - by type (IRB);Credit Risk_IRB_b
TR2017;1720536;1620536;150536;Credit Risk;Risk Exposure amount - Retail - non SME - by type (IRB);Credit Risk_IRB_b
TR2017;1720531;1620531;150531;Credit Risk;Risk exposure amount (SA_and_IRB);Credit Risk_IRB_b
TR2017;1720552;1620552;150552;Credit Risk;Value adjustments and provisions - by exposure class (SA_and_IRB);Credit Risk_IRB_b
TR2017;1720554;1620554;150554;Credit Risk;Value adjustments and provisions - Corporates_Specialised Lending (IRB);Credit Risk_IRB_b
TR2017;1720553;1620553;150553;Credit Risk;Value adjustments and provisions - SME - by exposure class (SA_and_IRB);Credit Risk_IRB_b
TR2017;1720555;1620555;150555;Credit Risk;Value adjustments and provisions - Retail - by type (IRB);Credit Risk_IRB_b
TR2017;1720556;1620556;150556;Credit Risk;Value adjustments and provisions - Retail - non SME - by type (IRB);Credit Risk_IRB_b
TR2017;1720502;1620502;150502;Credit Risk;Original Exposure - by exposure class (SA_and_IRB);Credit Risk_STA_b
TR2017;1720503;1620503;150503;Credit Risk;Original Exposure - SME - by exposure class (SA_and_IRB);Credit Risk_STA_b
TR2017;1720501;1620501;150501;Credit Risk;Original Exposure (SA_and_IRB);Credit Risk_STA_b
TR2017;1720522;1620522;150522;Credit Risk;Exposure value - by exposure class (SA_and_IRB);Credit Risk_STA_b
TR2017;1720523;1620523;150523;Credit Risk;Exposure value - SME - by exposure class (SA_and_IRB);Credit Risk_STA_b
TR2017;1720521;1620521;150521;Credit Risk;Exposure value (SA_and_IRB);Credit Risk_STA_b
TR2017;1720532;1620532;150532;Credit Risk;Risk exposure amount - by exposure class (SA_and_IRB);Credit Risk_STA_b
TR2017;1720533;1620533;150533;Credit Risk;Risk exposure amount - SME - by exposure class (SA_and_IRB);Credit Risk_STA_b
TR2017;1720531;1620531;150531;Credit Risk;Risk exposure amount (SA_and_IRB);Credit Risk_STA_b
TR2017;1720552;1620552;150552;Credit Risk;Value adjustments and provisions - by exposure class (SA_and_IRB);Credit Risk_STA_b
TR2017;1720551;1620551;150551;Credit Risk;Value adjustments and provisions (SA_and_IRB);Credit Risk_STA_b
TR2017;1720701;1620701;150701;Forborne exposures;Exposures with forbearance measures - Gross carrying amount on DEBT INSTRUMENTS other than HFT;Forborne exposures
TR2017;1720702;1620702;150702;Forborne exposures;Exposures with forbearance measures - Gross carrying amount on Debt securities (including at amortised cost  and fair value);Forborne exposures
TR2017;1720703;1620703;150703;Forborne exposures;Exposures with forbearance measures - Gross carrying amount on Loans and advances (including at amortised cost  and fair value);Forborne exposures
TR2017;1720704;1620704;150704;Forborne exposures;Exposures with forbearance measures - Gross carrying amount on Debt securities (including at amortised cost  and fair value) - by exposure;Forborne exposures
TR2017;1720705;1620705;150705;Forborne exposures;Exposures with forbearance measures - Gross carrying amount on Loans and advances (including at amortised cost  and fair value) - by exposure;Forborne exposures
TR2017;1720706;1620706;150706;Forborne exposures;Exposures with forbearance measures - Gross carrying amount on Loan commitments given;Forborne exposures
TR2017;1720707;1620707;;Forborne exposures;Exposures with forbearance measures - Gross carrying amount on Loans and advances / Non-financial corporations / of which: small and medium-sized enterprises at amortised cost;Forborne exposures
TR2017;1720711;1620711;150711;Forborne exposures;Exposures with forbearance measures - Accumulated impairment, accumulated changes in fair value due to credit risk and provisions on DEBT INSTRUMENTS other than HFT;Forborne exposures
TR2017;1720712;1620712;150712;Forborne exposures;Exposures with forbearance measures - Accumulated impairment, accumulated changes in fair value due to credit risk and provisions on Debt securities (including at amortised cost  and fair value);Forborne exposures
TR2017;1720713;1620713;150713;Forborne exposures;Exposures with forbearance measures - Accumulated impairment, accumulated changes in fair value due to credit risk and provisions on Loans and advances (including at amortised cost  and fair value);Forborne exposures
TR2017;1720714;1620714;150714;Forborne exposures;Exposures with forbearance measures - Accumulated impairment, accumulated changes in fair value due to credit risk and provisions on Debt securities (including at amortised cost  and fair value) - by exposure;Forborne exposures
TR2017;1720715;1620715;150715;Forborne exposures;Exposures with forbearance measures - Accumulated impairment, accumulated changes in fair value due to credit risk and provisions on Loans and advances (including at amortised cost  and fair value) - by exposure;Forborne exposures
TR2017;1720716;1620716;150716;Forborne exposures;Exposures with forbearance measures - Accumulated impairment, accumulated changes in fair value due to credit risk and provisions on Loan commitments given;Forborne exposures
TR2017;1720717;1620717;;Forborne exposures;Exposures with forbearance measures - Accumulated impairment, accumulated changes in fair value due to credit risk and provisions on Loans and advances / Non-financial corporations / of which: small and medium-sized enterprises at amortised cost;Forborne exposures
TR2017;1720721;1620721;150721;Forborne exposures;Exposures with forbearance measures - Collateral and financial guarantees received on DEBT INSTRUMENTS other than HFT;Forborne exposures
TR2017;1720722;1620722;150722;Forborne exposures;Exposures with forbearance measures - Collateral and financial guarantees received on Debt securities (including at amortised cost  and fair value);Forborne exposures
TR2017;1720723;1620723;150723;Forborne exposures;Exposures with forbearance measures - Collateral and financial guarantees received on Loans and advances (including at amortised cost  and fair value);Forborne exposures
TR2017;1720724;1620724;150724;Forborne exposures;Exposures with forbearance measures - Collateral and financial guarantees received on Debt securities (including at amortised cost  and fair value) - by exposure;Forborne exposures
TR2017;1720725;1620725;150725;Forborne exposures;Exposures with forbearance measures - Collateral and financial guarantees received on Loans and advances (including at amortised cost  and fair value) - by exposure;Forborne exposures
TR2017;1720726;1620726;150726;Forborne exposures;Exposures with forbearance measures - Collateral and financial guarantees received on Loan commitments given;Forborne exposures
TR2017;1720727;1620727;;Forborne exposures;Exposures with forbearance measures - Collateral and financial guarantees received on Loans and advances  / Non-financial corporations / of which: small and medium-sized enterprises at amortised cost;Forborne exposures
TR2017;1720901;1620133;150130;Leverage;Tier 1 capital - transitional definition;Leverage
TR2017;1720902;;;Leverage;Tier 1 capital - fully phased-in definition;Leverage
TR2017;1720903;;151002;Leverage;Total leverage ratio exposures - using a transitional definition of Tier 1 capital;Leverage
TR2017;1720904;;;Leverage;Total leverage ratio exposures - using a fully phased-in definition of Tier 1 capital;Leverage
TR2017;1720905;;151003;Leverage;Leverage ratio - using a transitional definition of Tier 1 capital;Leverage
TR2017;1720906;;;Leverage;Leverage ratio - using a fully phased-in definition of Tier 1 capital;Leverage
TR2017;1720401;1620401;150401;Market Risk;TOTAL RISK EXPOSURE AMOUNT;Market Risk
TR2017;1720402;1620402;150402;Market Risk;TOTAL RISK EXPOSURE AMOUNT - by Product ;Market Risk
TR2017;1720403;1620403;150403;Market Risk;TOTAL RISK EXPOSURE AMOUNT - Traded Debt Instruments - by Risk;Market Risk
TR2017;1720404;1620404;150404;Market Risk;TOTAL RISK EXPOSURE AMOUNT - Equities - by Risk;Market Risk
TR2017;1720411;1620411;150411;Market Risk;VAR - MULTIPLICATION FACTOR (mc) x AVERAGE OF PREVIOUS 60 WORKING DAYS (VaRavg);Market Risk
TR2017;1720412;1620412;150412;Market Risk;VAR - MULTIPLICATION FACTOR (mc) x AVERAGE OF PREVIOUS 60 WORKING DAYS (VaRavg) - by Product ;Market Risk
TR2017;1720413;1620413;150413;Market Risk;VAR - MULTIPLICATION FACTOR (mc) x AVERAGE OF PREVIOUS 60 WORKING DAYS (VaRavg) - Traded Debt Instruments - by Risk;Market Risk
TR2017;1720414;1620414;150414;Market Risk;VAR - MULTIPLICATION FACTOR (mc) x AVERAGE OF PREVIOUS 60 WORKING DAYS (VaRavg) - Equities - by Risk;Market Risk
TR2017;1720421;1620421;150421;Market Risk;VAR - PREVIOUS DAY (VaRt-1);Market Risk
TR2017;1720422;1620422;150422;Market Risk;VAR - PREVIOUS DAY (VaRt-1) - by Product ;Market Risk
TR2017;1720423;1620423;150423;Market Risk;VAR - PREVIOUS DAY (VaRt-1) - Traded Debt Instruments - by Risk;Market Risk
TR2017;1720424;1620424;150424;Market Risk;VAR - PREVIOUS DAY (VaRt-1) - Equities - by Risk;Market Risk
TR2017;1720431;1620431;150431;Market Risk;SVAR - MULTIPLICATION FACTOR (ms) x AVERAGE OF PREVIOUS 60 WORKING DAYS (SVaRavg);Market Risk
TR2017;1720432;1620432;150432;Market Risk;SVAR - MULTIPLICATION FACTOR (ms) x AVERAGE OF PREVIOUS 60 WORKING DAYS (SVaRavg) - by Product ;Market Risk
TR2017;1720433;1620433;150433;Market Risk;SVAR - MULTIPLICATION FACTOR (ms) x AVERAGE OF PREVIOUS 60 WORKING DAYS (SVaRavg) - Traded Debt Instruments - by Risk;Market Risk
TR2017;1720434;1620434;150434;Market Risk;SVAR - MULTIPLICATION FACTOR (ms) x AVERAGE OF PREVIOUS 60 WORKING DAYS (SVaRavg) - Equities - by Risk;Market Risk
TR2017;1720441;1620441;150441;Market Risk;SVAR - LATEST AVAILABLE (SVaRt-1);Market Risk
TR2017;1720442;1620442;150442;Market Risk;SVAR - LATEST AVAILABLE (SVaRt-1) - by Product ;Market Risk
TR2017;1720443;1620443;150443;Market Risk;SVAR - LATEST AVAILABLE (SVaRt-1) - Traded Debt Instruments - by Risk;Market Risk
TR2017;1720444;1620444;150444;Market Risk;SVAR - LATEST AVAILABLE (SVaRt-1) - Equities - by Risk;Market Risk
TR2017;1720451;1620451;150451;Market Risk;INCREMENTAL DEFAULT AND MIGRATION RISK CAPITAL CHARGE - 12 WEEKS AVERAGE MEASURE;Market Risk
TR2017;1720461;1620461;150461;Market Risk;INCREMENTAL DEFAULT AND MIGRATION RISK CAPITAL CHARGE - LAST MEASURE;Market Risk
TR2017;1720471;1620471;150471;Market Risk;ALL PRICE RISKS CAPITAL CHARGE FOR CTP - FLOOR;Market Risk
TR2017;1720481;1620481;150481;Market Risk;ALL PRICE RISKS CAPITAL CHARGE FOR CTP - 12 WEEKS AVERAGE MEASURE;Market Risk
TR2017;1720491;1620491;150491;Market Risk;ALL PRICE RISKS CAPITAL CHARGE FOR CTP - LAST MEASURE;Market Risk
TR2017;1720601;1620601;150601;NPE;Gross carrying amount on DEBT INSTRUMENTS other than HFT;NPE
TR2017;1720602;1620602;150602;NPE;Gross carrying amount on Debt securities (including at amortised cost  and fair value);NPE
TR2017;1720603;1620603;150603;NPE;Gross carrying amount on Loans and advances (including at amortised cost  and fair value);NPE
TR2017;1720604;1620604;150604;NPE;Gross carrying amount on Debt securities (including at amortised cost  and fair value) - by exposure;NPE
TR2017;1720605;1620605;150605;NPE;Gross carrying amount on Loans and advances (including at amortised cost  and fair value) - by exposure;NPE
TR2017;1720606;1620606;150606;NPE;Gross carrying amount on OFF-BALANCE SHEET EXPOSURES;NPE
TR2017;1720607;1620607;;NPE;Gross carrying amount on Loans and advances / Non-financial corporations / of which: small and medium-sized enterprises at amortised cost;NPE
TR2017;1720611;1620611;150611;NPE;Accumulated impairment, accumulated changes in fair value due to credit risk and provisions on DEBT INSTRUMENTS other than HFT;NPE
TR2017;1720612;1620612;150612;NPE;Accumulated impairment, accumulated changes in fair value due to credit risk and provisions on Debt securities (including at amortised cost  and fair value);NPE
TR2017;1720613;1620613;150613;NPE;Accumulated impairment, accumulated changes in fair value due to credit risk and provisions on Loans and advances (including at amortised cost  and fair value);NPE
TR2017;1720614;1620614;150614;NPE;Accumulated impairment, accumulated changes in fair value due to credit risk and provisions on Debt securities (including at amortised cost  and fair value) - by exposure;NPE
TR2017;1720615;1620615;150615;NPE;Accumulated impairment, accumulated changes in fair value due to credit risk and provisions on Loans and advances (including at amortised cost  and fair value) - by exposure;NPE
TR2017;1720616;1620616;150616;NPE;Accumulated impairment, accumulated changes in fair value due to credit risk and provisions on OFF-BALANCE SHEET EXPOSURES;NPE
TR2017;1720617;1620617;;NPE;Accumulated impairment, accumulated changes in fair value due to credit risk and provisions on Loans and advances / Non-financial corporations / of which: small and medium-sized enterprises at amortised cost;NPE
TR2017;1720621;1620621;150621;NPE;Collaterals and financial guarantees received on non-performing exposures on DEBT INSTRUMENTS other than HFT;NPE
TR2017;1720622;1620622;150622;NPE;Collaterals and financial guarantees received on non-performing exposures on Debt securities (including at amortised cost  and fair value);NPE
TR2017;1720623;1620623;150623;NPE;Collaterals and financial guarantees received on non-performing exposures on Loans and advances (including at amortised cost  and fair value);NPE
TR2017;1720624;1620624;150624;NPE;Collaterals and financial guarantees received on non-performing exposures on Debt securities (including at amortised cost  and fair value) - by exposure;NPE
TR2017;1720625;1620625;150625;NPE;Collaterals and financial guarantees received on non-performing exposures on Loans and advances (including at amortised cost  and fair value) - by exposure;NPE
TR2017;1720626;1620626;150626;NPE;Collaterals and financial guarantees received on non-performing exposures on OFF-BALANCE SHEET EXPOSURES;NPE
TR2017;1720627;1620627;;NPE;Collaterals and financial guarantees received on non-performing exposures on Loans and advances / Non-financial corporations / of which: small and medium-sized enterprises at amortised cost;NPE
TR2017;1720301;1620301;150301;P&L;Interest income;P&L
TR2017;1720302;1620302;150302;P&L;Interest income - Of which debt securities income;P&L
TR2017;1720303;1620303;150303;P&L;Interest income - Of which loans and advances income;P&L
TR2017;1720304;1620304;150304;P&L;Interest expenses;P&L
TR2017;1720305;1620305;150305;P&L;Interest expenses - (Of which deposits expenses);P&L
TR2017;1720306;1620306;150306;P&L;Interest expenses - (Of which debt securities issued expenses);P&L
TR2017;1720307;1620307;150307;P&L;Expenses on share capital repayable on demand;P&L
TR2017;1720308;1620308;150308;P&L;Dividend income;P&L
TR2017;1720309;1620309;150309;P&L;Net Fee and commission income;P&L
TR2017;1720310;1620310;150310;P&L;Gains or (-) losses on derecognition of financial assets and liabilities not measured at fair value through profit or loss_ and of non financial assets_ net;P&L
TR2017;1720311;1620311;150311;P&L;Gains or (-) losses on financial assets and liabilities held for trading_ net;P&L
TR2017;1720312;1620312;150312;P&L;Gains or (-) losses on financial assets and liabilities designated at fair value through profit or loss_ net;P&L
TR2017;1720313;1620313;150313;P&L;Gains or (-) losses from hedge accounting_ net ;P&L
TR2017;1720314;1620314;150314;P&L;Exchange differences [gain or (-) loss]_ net;P&L
TR2017;1720315;1620315;150315;P&L;Net other operating income /(expenses);P&L
TR2017;1720316;1620316;150316;P&L;TOTAL OPERATING INCOME_ NET;P&L
TR2017;1720317;1620317;150317;P&L;(Administrative expenses);P&L
TR2017;1720318;1620318;150318;P&L;(Depreciation);P&L
TR2017;1720319;1620319;150319;P&L;(Provisions or (-) reversal of provisions);P&L
TR2017;1720320;1620320;150320;P&L;(Provisions or (-) reversal of provisions) - (Commitments and guarantees given);P&L
TR2017;1720321;1620321;150321;P&L;(Provisions or (-) reversal of provisions) - (Other provisions);P&L
TR2017;1720322;1620322;150322;P&L;(Other provisions) - Of which pending legal issues and tax litigation;P&L
TR2017;1720323;1620323;150323;P&L;(Other provisions) - Of which restructuring;P&L
TR2017;1720324;1620324;150324;P&L;(Impairment or (-) reversal of impairment on financial assets not measured at fair value through profit or loss);P&L
TR2017;1720325;1620325;150325;P&L;(Impairment or (-) reversal of impairment on financial assets not measured at fair value through profit or loss) - (Loans and receivables);P&L
TR2017;1720326;1620326;150326;P&L;(Impairment or (-) reversal of impairment on financial assets not measured at fair value through profit or loss) - (Held to maturity investments_ AFS assets and financial assets measured at cost) ;P&L
TR2017;1720327;1620327;150327;P&L;(Impairment or (-) reversal of impairment of investments in subsidaries_ joint ventures and associates and on non-financial assets);P&L
TR2017;1720328;1620328;150328;P&L;(Impairment or (-) reversal of impairment of investments in subsidaries_ joint ventures and associates and on non-financial assets) - (of which Goodwill);P&L
TR2017;1720329;1620329;150329;P&L;Negative goodwill recognised in profit or loss;P&L
TR2017;1720330;1620330;150330;P&L;Share of the profit or (-) loss of investments in subsidaries_ joint ventures and associates;P&L
TR2017;1720331;1620331;150331;P&L;Profit or (-) loss from non-current assets and disposal groups classified as held for sale not qualifying as discontinued operations    ;P&L
TR2017;1720332;1620332;150332;P&L;PROFIT OR (-) LOSS BEFORE TAX FROM CONTINUING OPERATIONS;P&L
TR2017;1720333;1620333;150333;P&L;PROFIT OR (-) LOSS AFTER TAX FROM CONTINUING OPERATIONS;P&L
TR2017;1720334;1620334;150334;P&L;Profit  or (-) loss after tax from discontinued operations    ;P&L
TR2017;1720335;1620335;150335;P&L;PROFIT OR (-) LOSS FOR THE YEAR;P&L
TR2017;1720336;1620336;150336;P&L;PROFIT OR (-) LOSS FOR THE YEAR - Of which attributable to owners of the parent;P&L
TR2017;1720201;1620201;150201;RWA;Risk exposure amount for credit exposures;RWA
TR2017;1720202;1620202;150202;RWA;Risk exposure amount for credit exposures - of which: for securitisation and re-securitisations in the banking book;RWA
TR2017;1720203;1620203;150203;RWA;Risk exposure amount for credit exposures - of which: for contributions to the default fund of a CCP;RWA
TR2017;1720204;1620204;150204;RWA;Risk exposure amount for credit exposures - of which: for Other credit risk;RWA
TR2017;1720205;1620205;150205;RWA;Risk exposure amount for position, foreign exchange and commodities (Market risk);RWA
TR2017;1720206;1620206;150206;RWA;Risk exposure amount for Market risk -   of which: Risk exposure amount for securitisation and re-securitisations in the trading book;RWA
TR2017;1720207;1620207;150207;RWA;Risk exposure amount for Credit Valuation Adjustment;RWA
TR2017;1720208;1620208;150208;RWA;Risk exposure amount for operational risk;RWA
TR2017;1720209;1620209;150209;RWA;Other risk exposure amounts;RWA
TR2017;1720210;1620210;150210;RWA;Total Risk exposure amount ;RWA
TR2017;1720801;1620801;;Sovereign;Financial assets: Carrying Amount;Sovereign_a
TR2017;1720802;1620802;;Sovereign;Financial assets: Carrying Amount - broken down by country;Sovereign_a
TR2017;1720803;1620803;;Sovereign;Financial assets: Carrying Amount / of which:  loans and advances;Sovereign_a
TR2017;1720804;1620804;;Sovereign;Financial assets: Carrying Amount / of which:  loans and advances - broken down by country;Sovereign_a
TR2017;1720805;1620805;;Sovereign;Financial assets: Carrying Amount / of which:  debt securities;Sovereign_a
TR2017;1720806;1620806;;Sovereign;Financial assets: Carrying Amount / of which:  debt securities - broken down by country;Sovereign_a
TR2017;1720807;1620807;;Sovereign;Financial assets: Carrying Amount - breakdown by accounting portfolio;Sovereign_a
TR2017;1720808;1620808;;Sovereign;Financial assets: Carrying Amount / of which:  loans and advances - breakdown by accounting portfolio;Sovereign_a
TR2017;1720809;1620809;;Sovereign;Financial assets: Carrying Amount / of which:  debt securities - breakdown by accounting portfolio;Sovereign_a
TR2017;1720801;1620801;;Sovereign;Financial assets: Carrying Amount;Sovereign_b
TR2017;1720803;1620803;;Sovereign;Financial assets: Carrying Amount / of which:  loans and advances;Sovereign_b
TR2017;1720805;1620805;;Sovereign;Financial assets: Carrying Amount / of which:  debt securities;Sovereign_b
TR2017;1720807;1620807;;Sovereign;Financial assets: Carrying Amount - breakdown by accounting portfolio;Sovereign_b
TR2017;1720808;1620808;;Sovereign;Financial assets: Carrying Amount / of which:  loans and advances - breakdown by accounting portfolio;Sovereign_a
TR2017;1720809;1620809;;Sovereign;Financial assets: Carrying Amount / of which:  debt securities - breakdown by accounting portfolio;Sovereign_b