﻿Collection;Category;Template;Item;Item_TR_2018;Item_TR_2017;Item_TR_2016;Item_TR_2015;Label
TR2019;Capital;Capital;1920101;1820101;1720101;1620101;150101;OWN FUNDS
TR2019;Capital;Capital;1920102;1820102;1720102;1620102;150102;COMMON EQUITY TIER 1 CAPITAL (net of deductions and after applying transitional adjustments)
TR2019;Capital;Capital;1920103;1820103;1720103;1620103;150103;Capital instruments eligible as CET1 Capital (including share premium and net own capital instruments)
TR2019;Capital;Capital;1920104;1820104;1720104;1620104;150104;Retained earnings
TR2019;Capital;Capital;1920105;1820105;1720105;1620105;150105;Accumulated other comprehensive income
TR2019;Capital;Capital;1920106;1820106;1720106;1620106;150106;Other Reserves
TR2019;Capital;Capital;1920107;1820107;1720107;1620107;150107;Funds for general banking risk
TR2019;Capital;Capital;1920108;1820108;1720108;1620108;150108;Minority interest given recognition in CET1 capital
TR2019;Capital;Capital;1920109;1820109;1720109;1620109;150109;Adjustments to CET1 due to prudential filters
TR2019;Capital;Capital;1920110;1820110;1720110;1620110;150110;(-) Intangible assets (including Goodwill)
TR2019;Capital;Capital;1920111;1820111;1720111;1620111;150111;(-) DTAs that rely on future profitability and do not arise from temporary differences net of associated DTLs
TR2019;Capital;Capital;1920112;1820112;1720112;1620112;150112;(-) IRB shortfall of credit risk adjustments to expected losses
TR2019;Capital;Capital;1920113;1820113;1720113;1620113;150113;(-) Defined benefit pension fund assets
TR2019;Capital;Capital;1920114;1820114;1720114;1620114;150114;(-) Reciprocal cross holdings in CET1 Capital
TR2019;Capital;Capital;1920115;1820115;1720115;1620115;150115;(-) Excess deduction from AT1 items over AT1 Capital
TR2019;Capital;Capital;1920116;1820116;1720116;1620116;150116;(-) Deductions related to assets which can alternatively be subject to a 1.250% risk weight
TR2019;Capital;Capital;1920117;1820117;1720117;1620117;150117;(-) Deductions related to assets which can alternatively be subject to a 1.250% risk weight - Of which: from securitisation positions (-)
TR2019;Capital;Capital;1920118;1820118;1720118;1620118;150118;(-) Holdings of CET1 capital instruments of financial sector entities where the institiution does not have a significant investment
TR2019;Capital;Capital;1920119;1820119;1720119;1620119;150119;(-) Deductible DTAs that rely on future profitability and arise from temporary differences
TR2019;Capital;Capital;1920120;1820120;1720120;1620120;150120;(-) Holdings of CET1 capital instruments of financial sector entities where the institiution has a significant investment
TR2019;Capital;Capital;1920121;1820121;1720121;1620121;150121;(-) Amount exceding the 17.65% threshold
TR2019;Capital;Capital;1920122;1820122;1720122;1620122;;(-) Additional deductions of CET1 Capital due to Article 3 CRR
TR2019;Capital;Capital;1920123;1820123;1720123;1620123;150122;CET1 capital elements or deductions - other
TR2019;Capital;Capital;1920124;1820124;1720124;1620124;150123;Transitional adjustments
TR2019;Capital;Capital;1920125;1820125;1720125;1620125;150124;Transitional adjustments due to grandfathered CET1 Capital instruments (+/-)
TR2019;Capital;Capital;1920126;1820126;1720126;1620126;150125;Transitional adjustments due to additional minority interests (+/-)
TR2019;Capital;Capital;1920127;1820127;1720127;1620127;150126;Other transitional adjustments to CET1 Capital (+/-)
TR2019;Capital;Capital;1920128;1820128;1720128;1620128;150127;ADDITIONAL TIER 1 CAPITAL (net of deductions and after transitional adjustments)
TR2019;Capital;Capital;1920129;1820129;1720129;1620129;150128;Additional Tier 1 Capital instruments
TR2019;Capital;Capital;1920130;1820130;1720130;1620130;;(-) Excess deduction from T2 items over T2 capital
TR2019;Capital;Capital;1920131;1820131;1720131;1620131;150129;Other Additional Tier 1 Capital components and deductions
TR2019;Capital;Capital;1920132;1820132;1720132;1620132;;Additional Tier 1 transitional adjustments
TR2019;Capital;Capital;1920133;1820133;1720133;1620133;150130;TIER 1 CAPITAL (net of deductions and after transitional adjustments)
TR2019;Capital;Capital;1920134;1820134;1720134;1620134;150131;TIER 2 CAPITAL (net of deductions and after transitional adjustments)
TR2019;Capital;Capital;1920135;1820135;1720135;1620135;150132;Tier 2 Capital instruments
TR2019;Capital;Capital;1920136;1820136;1720136;1620136;150133;Other Tier 2 Capital components and deductions
TR2019;Capital;Capital;1920137;1820137;1720137;1620137;;Tier 2 transitional adjustments
TR2019;Capital;Capital;1920138;1820138;1720138;1620138;150134;TOTAL RISK EXPOSURE AMOUNT
TR2019;Capital;Capital;1920139;1820139;1720139;1620139;;TOTAL RISK EXPOSURE AMOUNT - Of which: Transitional adjustments included
TR2019;Capital;Capital;1920140;1820140;1720140;1620140;150135;COMMON EQUITY TIER 1 CAPITAL RATIO (transitional period)
TR2019;Capital;Capital;1920141;1820141;1720141;1620141;150136;TIER 1 CAPITAL RATIO (transitional period)
TR2019;Capital;Capital;1920142;1820142;1720142;1620142;150137;TOTAL CAPITAL RATIO (transitional period)
TR2019;Capital;Capital;1920143;1820143;1720143;1620143;;COMMON EQUITY TIER 1 CAPITAL (fully loaded)
TR2019;Capital;Capital;1920146;1820146;1720146;1620146;;COMMON EQUITY TIER 1 CAPITAL RATIO (fully loaded)
TR2019;Capital;Capital;1920147;1820147;;;;Adjustments to CET1 due to IFRS 9 transitional arrangements
TR2019;Capital;Capital;1920148;1820148;;;;Adjustments to AT1 due to IFRS 9 transitional arrangements
TR2019;Capital;Capital;1920149;1820149;;;;Adjustments to T2 due to IFRS 9 transitional arrangements
TR2019;Capital;Capital;1920150;1820150;;;;Adjustments included in RWAs due to IFRS 9 transitional arrangements
TR2019;RWA;RWA OV1;1920201;;;;;Credit risk (excluding CCR and Securitisations)
TR2019;RWA;RWA OV1;1920202;;;;;Credit risk (excluding CCR and Securitisations): Of which the standardised approach
TR2019;RWA;RWA OV1;1920203;;;;;Credit risk (excluding CCR and Securitisations): Of which the foundation IRB (FIRB) approach
TR2019;RWA;RWA OV1;1920204;;;;;Credit risk (excluding CCR and Securitisations): Of which the advanced IRB (AIRB) approach
TR2019;RWA;RWA OV1;1920205;;;;;Credit risk (excluding CCR and Securitisations): Of which equity IRB
TR2019;RWA;RWA OV1;1920206;;;;;Counterparty credit risk (CCR, excluding CVA)
TR2019;RWA;RWA OV1;1920207;1820207;1720207;1620207;150207;Credit valuation adjustment - CVA
TR2019;RWA;RWA OV1;1920208;;;;;Settlement risk
TR2019;RWA;RWA OV1;1920209;1820202;1720202;1620202;150202;Securitisation exposures in the banking book (after the cap)
TR2019;RWA;RWA OV1;1920210;1820205;1720205;1620205;150205;Position, foreign exchange and commodities risks (Market risk)
TR2019;RWA;RWA OV1;1920211;;;;;Position, foreign exchange and commodities risks (Market risk): Of which the standardised approach
TR2019;RWA;RWA OV1;1920212;;;;;Position, foreign exchange and commodities risks (Market risk): Of which IMA
TR2019;RWA;RWA OV1;1920213;1820206;1720206;1620206;150206;Of which securitisations and resecuritisations in the trading book
TR2019;RWA;RWA OV1;1920214;;;;;Large exposures in the trading book
TR2019;RWA;RWA OV1;1920215;1820208;1720208;1620208;150208;Operational risk
TR2019;RWA;RWA OV1;1920216;;;;;Operational risk : Of which basic indicator approach
TR2019;RWA;RWA OV1;1920217;;;;;Operational risk : Of which standardised approach
TR2019;RWA;RWA OV1;1920218;;;;;Operational risk : Of which advanced measurement approach
TR2019;RWA;RWA OV1;1920219;;;;;Other risk exposure amounts
TR2019;RWA;RWA OV1;1920220;1820210;1720210;1620210;150210;Total Risk exposure amount
TR2019;P&L;P&L;1920301;1820301;1720301;1620301;150301;Interest income
TR2019;P&L;P&L;1920302;1820302;1720302;1620302;150302;Interest income - Of which debt securities income
TR2019;P&L;P&L;1920303;1820303;1720303;1620303;150303;Interest income - Of which loans and advances income
TR2019;P&L;P&L;1920304;1820304;1720304;1620304;150304;Interest expenses
TR2019;P&L;P&L;1920305;1820305;1720305;1620305;150305;Interest expenses - (Of which deposits expenses)
TR2019;P&L;P&L;1920306;1820306;1720306;1620306;150306;Interest expenses - (Of which debt securities issued expenses)
TR2019;P&L;P&L;1920307;1820307;1720307;1620307;150307;Expenses on share capital repayable on demand
TR2019;P&L;P&L;1920308;1820308;1720308;1620308;150308;Dividend income
TR2019;P&L;P&L;1920309;1820309;1720309;1620309;150309;Net Fee and commission income
TR2019;P&L;P&L;1920310;1820310;1720310;1620310;150310;Gains or (-) losses on derecognition of financial assets and liabilities not measured at fair value through profit or loss_ and of non financial assets_ net
TR2019;P&L;P&L;1920311;1820311;1720311;1620311;150311;Gains or (-) losses on financial assets and liabilities held for trading_ net
TR2019;P&L;P&L;1920312;1820312;1720312;1620312;150312;Gains or (-) losses on financial assets and liabilities designated at fair value through profit or loss_ net
TR2019;P&L;P&L;1920313;1820313;1720313;1620313;150313;Gains or (-) losses from hedge accounting_ net
TR2019;P&L;P&L;1920314;1820314;1720314;1620314;150314;Exchange differences [gain or (-) loss]_ net
TR2019;P&L;P&L;1920315;1820315;1720315;1620315;150315;Net other operating income /(expenses)
TR2019;P&L;P&L;1920316;1820316;1720316;1620316;150316;TOTAL OPERATING INCOME_ NET
TR2019;P&L;P&L;1920317;1820317;1720317;1620317;150317;(Administrative expenses)
TR2019;P&L;P&L;1920318;1820318;1720318;1620318;150318;(Depreciation)
TR2019;P&L;P&L;1920319;1820319;1720319;1620319;150319;(Provisions or (-) reversal of provisions)
TR2019;P&L;P&L;1920320;1820320;1720320;1620320;150320;(Provisions or (-) reversal of provisions) - (Commitments and guarantees given)
TR2019;P&L;P&L;1920321;1820321;1720321;1620321;150321;(Provisions or (-) reversal of provisions) - (Other provisions)
TR2019;P&L;P&L;1920322;1820322;1720322;1620322;150322;(Other provisions) - Of which pending legal issues and tax litigation
TR2019;P&L;P&L;1920323;1820323;1720323;1620323;150323;(Other provisions) - Of which restructuring
TR2019;P&L;P&L;1920324;1820324;1720324;1620324;150324;(Impairment or (-) reversal of impairment on financial assets not measured at fair value through profit or loss)
TR2019;P&L;P&L;1920325;1820325;;;;(Financial assets at fair value through other comprehensive income)
TR2019;P&L;P&L;1920326;1820326;;;;(Financial assets at amortised cost)
TR2019;P&L;P&L;1920327;1820327;1720327;1620327;150327;(Impairment or (-) reversal of impairment of investments in subsidaries_ joint ventures and associates and on non-financial assets)
TR2019;P&L;P&L;1920328;1820328;1720328;1620328;150328;(Impairment or (-) reversal of impairment of investments in subsidaries_ joint ventures and associates and on non-financial assets) - (of which Goodwill)
TR2019;P&L;P&L;1920329;1820329;1720329;1620329;150329;Negative goodwill recognised in profit or loss
TR2019;P&L;P&L;1920330;1820330;1720330;1620330;150330;Share of the profit or (-) loss of investments in subsidaries_ joint ventures and associates
TR2019;P&L;P&L;1920331;1820331;1720331;1620331;150331;Profit or (-) loss from non-current assets and disposal groups classified as held for sale not qualifying as discontinued operations
TR2019;P&L;P&L;1920332;1820332;1720332;1620332;150332;PROFIT OR (-) LOSS BEFORE TAX FROM CONTINUING OPERATIONS
TR2019;P&L;P&L;1920333;1820333;1720333;1620333;150333;PROFIT OR (-) LOSS AFTER TAX FROM CONTINUING OPERATIONS
TR2019;P&L;P&L;1920334;1820334;1720334;1620334;150334;Profit  or (-) loss after tax from discontinued operations
TR2019;P&L;P&L;1920335;1820335;1720335;1620335;150335;PROFIT OR (-) LOSS FOR THE YEAR
TR2019;P&L;P&L;1920336;1820336;1720336;1620336;150336;PROFIT OR (-) LOSS FOR THE YEAR - Of which attributable to owners of the parent
TR2019;P&L;P&L;1920337;1820337;;;;(Increases or (-) decreases of the fund for general banking risks, net)
TR2019;P&L;P&L;1920338;1820338;;;;Modification gains or (-) losses, net
TR2019;Market Risk;Market Risk;1920401;1820401;1720401;1620401;150401;TOTAL RISK EXPOSURE AMOUNT
TR2019;Market Risk;Market Risk;1920402;1820402;1720402;1620402;150402;TOTAL RISK EXPOSURE AMOUNT - by Product
TR2019;Market Risk;Market Risk;1920403;1820403;1720403;1620403;150403;TOTAL RISK EXPOSURE AMOUNT - Traded Debt Instruments - by Risk
TR2019;Market Risk;Market Risk;1920404;1820404;1720404;1620404;150404;TOTAL RISK EXPOSURE AMOUNT - Equities - by Risk
TR2019;Market Risk;Market Risk;1920411;1820411;1720411;1620411;150411;VAR - MULTIPLICATION FACTOR (mc) x AVERAGE OF PREVIOUS 60 WORKING DAYS (VaRavg)
TR2019;Market Risk;Market Risk;1920412;1820412;1720412;1620412;150412;VAR - MULTIPLICATION FACTOR (mc) x AVERAGE OF PREVIOUS 60 WORKING DAYS (VaRavg) - by Product
TR2019;Market Risk;Market Risk;1920413;1820413;1720413;1620413;150413;VAR - MULTIPLICATION FACTOR (mc) x AVERAGE OF PREVIOUS 60 WORKING DAYS (VaRavg) - Traded Debt Instruments - by Risk
TR2019;Market Risk;Market Risk;1920414;1820414;1720414;1620414;150414;VAR - MULTIPLICATION FACTOR (mc) x AVERAGE OF PREVIOUS 60 WORKING DAYS (VaRavg) - Equities - by Risk
TR2019;Market Risk;Market Risk;1920421;1820421;1720421;1620421;150421;VAR - PREVIOUS DAY (VaRt-1)
TR2019;Market Risk;Market Risk;1920422;1820422;1720422;1620422;150422;VAR - PREVIOUS DAY (VaRt-1) - by Product
TR2019;Market Risk;Market Risk;1920423;1820423;1720423;1620423;150423;VAR - PREVIOUS DAY (VaRt-1) - Traded Debt Instruments - by Risk
TR2019;Market Risk;Market Risk;1920424;1820424;1720424;1620424;150424;VAR - PREVIOUS DAY (VaRt-1) - Equities - by Risk
TR2019;Market Risk;Market Risk;1920431;1820431;1720431;1620431;150431;SVAR - MULTIPLICATION FACTOR (ms) x AVERAGE OF PREVIOUS 60 WORKING DAYS (SVaRavg)
TR2019;Market Risk;Market Risk;1920432;1820432;1720432;1620432;150432;SVAR - MULTIPLICATION FACTOR (ms) x AVERAGE OF PREVIOUS 60 WORKING DAYS (SVaRavg) - by Product
TR2019;Market Risk;Market Risk;1920433;1820433;1720433;1620433;150433;SVAR - MULTIPLICATION FACTOR (ms) x AVERAGE OF PREVIOUS 60 WORKING DAYS (SVaRavg) - Traded Debt Instruments - by Risk
TR2019;Market Risk;Market Risk;1920434;1820434;1720434;1620434;150434;SVAR - MULTIPLICATION FACTOR (ms) x AVERAGE OF PREVIOUS 60 WORKING DAYS (SVaRavg) - Equities - by Risk
TR2019;Market Risk;Market Risk;1920441;1820441;1720441;1620441;150441;SVAR - LATEST AVAILABLE (SVaRt-1)
TR2019;Market Risk;Market Risk;1920442;1820442;1720442;1620442;150442;SVAR - LATEST AVAILABLE (SVaRt-1) - by Product
TR2019;Market Risk;Market Risk;1920443;1820443;1720443;1620443;150443;SVAR - LATEST AVAILABLE (SVaRt-1) - Traded Debt Instruments - by Risk
TR2019;Market Risk;Market Risk;1920444;1820444;1720444;1620444;150444;SVAR - LATEST AVAILABLE (SVaRt-1) - Equities - by Risk
TR2019;Market Risk;Market Risk;1920451;1820451;1720451;1620451;150451;INCREMENTAL DEFAULT AND MIGRATION RISK CAPITAL CHARGE - 12 WEEKS AVERAGE MEASURE
TR2019;Market Risk;Market Risk;1920461;1820461;1720461;1620461;150461;INCREMENTAL DEFAULT AND MIGRATION RISK CAPITAL CHARGE - LAST MEASURE
TR2019;Market Risk;Market Risk;1920471;1820471;1720471;1620471;150471;ALL PRICE RISKS CAPITAL CHARGE FOR CTP - FLOOR
TR2019;Market Risk;Market Risk;1920481;1820481;1720481;1620481;150481;ALL PRICE RISKS CAPITAL CHARGE FOR CTP - 12 WEEKS AVERAGE MEASURE
TR2019;Market Risk;Market Risk;1920491;1820491;1720491;1620491;150491;ALL PRICE RISKS CAPITAL CHARGE FOR CTP - LAST MEASURE
TR2019;Credit Risk;Credit Risk_STA_a;1920501;1820501;1720501;1620501;150501;Original Exposure (SA_and_IRB)
TR2019;Credit Risk;Credit Risk_STA_b;1920501;1820501;1720501;1620501;150501;Original Exposure (SA_and_IRB)
TR2019;Credit Risk;Credit Risk_IRB_b;1920502;1820502;1720502;1620502;150502;Original Exposure - by exposure class (SA_and_IRB)
TR2019;Credit Risk;Credit Risk_IRB_a;1920502;1820502;1720502;1620502;150502;Original Exposure - by exposure class (SA_and_IRB)
TR2019;Credit Risk;Credit Risk_STA_a;1920502;1820502;1720502;1620502;150502;Original Exposure - by exposure class (SA_and_IRB)
TR2019;Credit Risk;Credit Risk_STA_b;1920502;1820502;1720502;1620502;150502;Original Exposure - by exposure class (SA_and_IRB)
TR2019;Credit Risk;Credit Risk_IRB_b;1920503;1820503;1720503;1620503;150503;Original Exposure - SME - by exposure class (SA_and_IRB)
TR2019;Credit Risk;Credit Risk_IRB_a;1920503;1820503;1720503;1620503;150503;Original Exposure - SME - by exposure class (SA_and_IRB)
TR2019;Credit Risk;Credit Risk_STA_a;1920503;1820503;1720503;1620503;150503;Original Exposure - SME - by exposure class (SA_and_IRB)
TR2019;Credit Risk;Credit Risk_STA_b;1920503;1820503;1720503;1620503;150503;Original Exposure - SME - by exposure class (SA_and_IRB)
TR2019;Credit Risk;Credit Risk_IRB_b;1920504;1820504;1720504;1620504;150504;Original Exposure - Corporates - Specialised Lending (IRB)
TR2019;Credit Risk;Credit Risk_IRB_a;1920504;1820504;1720504;1620504;150504;Original Exposure - Corporates - Specialised Lending (IRB)
TR2019;Credit Risk;Credit Risk_IRB_b;1920505;1820505;1720505;1620505;150505;Original Exposure - Retail - by type (IRB)
TR2019;Credit Risk;Credit Risk_IRB_a;1920505;1820505;1720505;1620505;150505;Original Exposure - Retail - by type (IRB)
TR2019;Credit Risk;Credit Risk_IRB_b;1920506;1820506;1720506;1620506;150506;Original Exposure - Retail_non SME - by type (IRB)
TR2019;Credit Risk;Credit Risk_IRB_a;1920506;1820506;1720506;1620506;150506;Original Exposure - Retail_non SME - by type (IRB)
TR2019;Credit Risk;Credit Risk_IRB_b;1920512;1820512;1720512;1620512;150512;Original Exposure - of which_DEFAULTED - by exposure class (SA_and_IRB)
TR2019;Credit Risk;Credit Risk_IRB_a;1920512;1820512;1720512;1620512;150512;Original Exposure - of which_DEFAULTED - by exposure class (SA_and_IRB)
TR2019;Credit Risk;Credit Risk_IRB_b;1920513;1820513;1720513;1620513;150513;Original Exposure - SME_of which_DEFAULTED - by exposure class (SA_and_IRB)
TR2019;Credit Risk;Credit Risk_IRB_a;1920513;1820513;1720513;1620513;150513;Original Exposure - SME_of which_DEFAULTED - by exposure class (SA_and_IRB)
TR2019;Credit Risk;Credit Risk_IRB_b;1920514;1820514;1720514;1620514;150514;Original Exposure - Corporates_Specialised Lending - of which_DEFAULTED (IRB)
TR2019;Credit Risk;Credit Risk_IRB_a;1920514;1820514;1720514;1620514;150514;Original Exposure - Corporates_Specialised Lending - of which_DEFAULTED (IRB)
TR2019;Credit Risk;Credit Risk_IRB_b;1920515;1820515;1720515;1620515;150515;Original Exposure - Retail of which_DEFAULTED - by type (IRB)
TR2019;Credit Risk;Credit Risk_IRB_a;1920515;1820515;1720515;1620515;150515;Original Exposure - Retail of which_DEFAULTED - by type (IRB)
TR2019;Credit Risk;Credit Risk_IRB_b;1920516;1820516;1720516;1620516;150516;Original Exposure - Retail - non SME - of which_DEFAULTED - by type (IRB)
TR2019;Credit Risk;Credit Risk_IRB_a;1920516;1820516;1720516;1620516;150516;Original Exposure - Retail - non SME - of which_DEFAULTED - by type (IRB)
TR2019;Credit Risk;Credit Risk_STA_a;1920521;1820521;1720521;1620521;150521;Exposure value (SA_and_IRB)
TR2019;Credit Risk;Credit Risk_STA_b;1920521;1820521;1720521;1620521;150521;Exposure value (SA_and_IRB)
TR2019;Credit Risk;Credit Risk_IRB_b;1920522;1820522;1720522;1620522;150522;Exposure value - by exposure class (SA_and_IRB)
TR2019;Credit Risk;Credit Risk_IRB_a;1920522;1820522;1720522;1620522;150522;Exposure value - by exposure class (SA_and_IRB)
TR2019;Credit Risk;Credit Risk_STA_a;1920522;1820522;1720522;1620522;150522;Exposure value - by exposure class (SA_and_IRB)
TR2019;Credit Risk;Credit Risk_STA_b;1920522;1820522;1720522;1620522;150522;Exposure value - by exposure class (SA_and_IRB)
TR2019;Credit Risk;Credit Risk_IRB_b;1920523;1820523;1720523;1620523;150523;Exposure value - SME - by exposure class (SA_and_IRB)
TR2019;Credit Risk;Credit Risk_IRB_a;1920523;1820523;1720523;1620523;150523;Exposure value - SME - by exposure class (SA_and_IRB)
TR2019;Credit Risk;Credit Risk_STA_a;1920523;1820523;1720523;1620523;150523;Exposure value - SME - by exposure class (SA_and_IRB)
TR2019;Credit Risk;Credit Risk_STA_b;1920523;1820523;1720523;1620523;150523;Exposure value - SME - by exposure class (SA_and_IRB)
TR2019;Credit Risk;Credit Risk_IRB_b;1920524;1820524;1720524;1620524;150524;Exposure value - Corporates_Specialised Lending (IRB)
TR2019;Credit Risk;Credit Risk_IRB_a;1920524;1820524;1720524;1620524;150524;Exposure value - Corporates_Specialised Lending (IRB)
TR2019;Credit Risk;Credit Risk_IRB_b;1920525;1820525;1720525;1620525;150525;Exposure value - Retail - by type (IRB)
TR2019;Credit Risk;Credit Risk_IRB_a;1920525;1820525;1720525;1620525;150525;Exposure value - Retail - by type (IRB)
TR2019;Credit Risk;Credit Risk_IRB_b;1920526;1820526;1720526;1620526;150526;Exposure value - Retail - non SME - by type (IRB)
TR2019;Credit Risk;Credit Risk_IRB_a;1920526;1820526;1720526;1620526;150526;Exposure value - Retail - non SME - by type (IRB)
TR2019;Credit Risk;Credit Risk_IRB_b;1920531;1820531;1720531;1620531;150531;Risk exposure amount (SA_and_IRB)
TR2019;Credit Risk;Credit Risk_IRB_a;1920531;1820531;1720531;1620531;150531;Risk exposure amount (SA_and_IRB)
TR2019;Credit Risk;Credit Risk_STA_a;1920531;1820531;1720531;1620531;150531;Risk exposure amount (SA_and_IRB)
TR2019;Credit Risk;Credit Risk_STA_b;1920531;1820531;1720531;1620531;150531;Risk exposure amount (SA_and_IRB)
TR2019;Credit Risk;Credit Risk_IRB_b;1920532;1820532;1720532;1620532;150532;Risk exposure amount - by exposure class (SA_and_IRB)
TR2019;Credit Risk;Credit Risk_IRB_a;1920532;1820532;1720532;1620532;150532;Risk exposure amount - by exposure class (SA_and_IRB)
TR2019;Credit Risk;Credit Risk_STA_a;1920532;1820532;1720532;1620532;150532;Risk exposure amount - by exposure class (SA_and_IRB)
TR2019;Credit Risk;Credit Risk_STA_b;1920532;1820532;1720532;1620532;150532;Risk exposure amount - by exposure class (SA_and_IRB)
TR2019;Credit Risk;Credit Risk_IRB_b;1920533;1820533;1720533;1620533;150533;Risk exposure amount - SME - by exposure class (SA_and_IRB)
TR2019;Credit Risk;Credit Risk_IRB_a;1920533;1820533;1720533;1620533;150533;Risk exposure amount - SME - by exposure class (SA_and_IRB)
TR2019;Credit Risk;Credit Risk_STA_a;1920533;1820533;1720533;1620533;150533;Risk exposure amount - SME - by exposure class (SA_and_IRB)
TR2019;Credit Risk;Credit Risk_STA_b;1920533;1820533;1720533;1620533;150533;Risk exposure amount - SME - by exposure class (SA_and_IRB)
TR2019;Credit Risk;Credit Risk_IRB_b;1920534;1820534;1720534;1620534;150534;Risk Exposure amount - Corporates_Specialised Lending (IRB)
TR2019;Credit Risk;Credit Risk_IRB_a;1920534;1820534;1720534;1620534;150534;Risk Exposure amount - Corporates_Specialised Lending (IRB)
TR2019;Credit Risk;Credit Risk_IRB_b;1920535;1820535;1720535;1620535;150535;Risk Exposure amount - Retail - by type (IRB)
TR2019;Credit Risk;Credit Risk_IRB_a;1920535;1820535;1720535;1620535;150535;Risk Exposure amount - Retail - by type (IRB)
TR2019;Credit Risk;Credit Risk_IRB_b;1920536;1820536;1720536;1620536;150536;Risk Exposure amount - Retail - non SME - by type (IRB)
TR2019;Credit Risk;Credit Risk_IRB_a;1920536;1820536;1720536;1620536;150536;Risk Exposure amount - Retail - non SME - by type (IRB)
TR2019;Credit Risk;Credit Risk_IRB_b;1920542;1820542;1720542;1620542;150542;Risk Exposure amount - of which_DEFAULTED  - by exposure class (IRB)
TR2019;Credit Risk;Credit Risk_IRB_a;1920542;1820542;1720542;1620542;150542;Risk Exposure amount - of which_DEFAULTED  - by exposure class (IRB)
TR2019;Credit Risk;Credit Risk_IRB_b;1920543;1820543;1720543;1620543;150543;Risk Exposure amount - SME - of which_DEFAULTED  - by exposure class (IRB)
TR2019;Credit Risk;Credit Risk_IRB_a;1920543;1820543;1720543;1620543;150543;Risk Exposure amount - SME - of which_DEFAULTED  - by exposure class (IRB)
TR2019;Credit Risk;Credit Risk_IRB_b;1920544;1820544;1720544;1620544;150544;Risk Exposure amount - Corporates_Specialised Lending - of which_DEFAULTED (IRB)
TR2019;Credit Risk;Credit Risk_IRB_a;1920544;1820544;1720544;1620544;150544;Risk Exposure amount - Corporates_Specialised Lending - of which_DEFAULTED (IRB)
TR2019;Credit Risk;Credit Risk_IRB_b;1920545;1820545;1720545;1620545;150545;Risk Exposure amount - Retail - of which_DEFAULTED  - by type (IRB)
TR2019;Credit Risk;Credit Risk_IRB_a;1920545;1820545;1720545;1620545;150545;Risk Exposure amount - Retail - of which_DEFAULTED  - by type (IRB)
TR2019;Credit Risk;Credit Risk_IRB_b;1920546;1820546;1720546;1620546;150546;Risk Exposure amount - Retail - non SME - of which_DEFAULTED - by type (IRB)
TR2019;Credit Risk;Credit Risk_IRB_a;1920546;1820546;1720546;1620546;150546;Risk Exposure amount - Retail - non SME - of which_DEFAULTED - by type (IRB)
TR2019;Credit Risk;Credit Risk_STA_a;1920551;1820551;1720551;1620551;150551;Value adjustments and provisions (SA_and_IRB)
TR2019;Credit Risk;Credit Risk_STA_b;1920551;1820551;1720551;1620551;150551;Value adjustments and provisions (SA_and_IRB)
TR2019;Credit Risk;Credit Risk_IRB_b;1920552;1820552;1720552;1620552;150552;Value adjustments and provisions - by exposure class (SA_and_IRB)
TR2019;Credit Risk;Credit Risk_IRB_a;1920552;1820552;1720552;1620552;150552;Value adjustments and provisions - by exposure class (SA_and_IRB)
TR2019;Credit Risk;Credit Risk_STA_a;1920552;1820552;1720552;1620552;150552;Value adjustments and provisions - by exposure class (SA_and_IRB)
TR2019;Credit Risk;Credit Risk_STA_b;1920552;1820552;1720552;1620552;150552;Value adjustments and provisions - by exposure class (SA_and_IRB)
TR2019;Credit Risk;Credit Risk_IRB_b;1920553;1820553;1720553;1620553;150553;Value adjustments and provisions - SME - by exposure class (SA_and_IRB)
TR2019;Credit Risk;Credit Risk_IRB_a;1920553;1820553;1720553;1620553;150553;Value adjustments and provisions - SME - by exposure class (SA_and_IRB)
TR2019;Credit Risk;Credit Risk_IRB_b;1920554;1820554;1720554;1620554;150554;Value adjustments and provisions - Corporates_Specialised Lending (IRB)
TR2019;Credit Risk;Credit Risk_IRB_a;1920554;1820554;1720554;1620554;150554;Value adjustments and provisions - Corporates_Specialised Lending (IRB)
TR2019;Credit Risk;Credit Risk_IRB_b;1920555;1820555;1720555;1620555;150555;Value adjustments and provisions - Retail - by type (IRB)
TR2019;Credit Risk;Credit Risk_IRB_a;1920555;1820555;1720555;1620555;150555;Value adjustments and provisions - Retail - by type (IRB)
TR2019;Credit Risk;Credit Risk_IRB_b;1920556;1820556;1720556;1620556;150556;Value adjustments and provisions - Retail - non SME - by type (IRB)
TR2019;Credit Risk;Credit Risk_IRB_a;1920556;1820556;1720556;1620556;150556;Value adjustments and provisions - Retail - non SME - by type (IRB)
TR2019;NPE;NPE;1920601;1820601;1720601;1620601;150601;Gross carrying amount on DEBT INSTRUMENTS other than HFT
TR2019;NPE;NPE;1920602;1820602;1720602;1620602;150602;Gross carrying amount on Debt securities (including at amortised cost  and fair value)
TR2019;NPE;NPE;1920603;1820603;1720603;1620603;150603;Gross carrying amount on Loans and advances (including at amortised cost  and fair value)
TR2019;NPE;NPE;1920604;1820604;1720604;1620604;150604;Gross carrying amount on Debt securities (including at amortised cost  and fair value) - by exposure
TR2019;NPE;NPE;1920605;1820605;1720605;1620605;150605;Gross carrying amount on Loans and advances (including at amortised cost  and fair value) - by exposure
TR2019;NPE;NPE;1920606;1820606;1720606;1620606;150606;Gross carrying amount on OFF-BALANCE SHEET EXPOSURES
TR2019;NPE;NPE;1920607;1820607;1720607;1620607;;Gross carrying amount on Loans and advances / Non-financial corporations / of which: small and medium-sized enterprises at amortised cost
TR2019;NPE;NPE;1920611;1820611;1720611;1620611;150611;Accumulated impairment, accumulated changes in fair value due to credit risk and provisions on DEBT INSTRUMENTS other than HFT
TR2019;NPE;NPE;1920612;1820612;1720612;1620612;150612;Accumulated impairment, accumulated changes in fair value due to credit risk and provisions on Debt securities (including at amortised cost  and fair value)
TR2019;NPE;NPE;1920613;1820613;1720613;1620613;150613;Accumulated impairment, accumulated changes in fair value due to credit risk and provisions on Loans and advances (including at amortised cost  and fair value)
TR2019;NPE;NPE;1920614;1820614;1720614;1620614;150614;Accumulated impairment, accumulated changes in fair value due to credit risk and provisions on Debt securities (including at amortised cost  and fair value) - by exposure
TR2019;NPE;NPE;1920615;1820615;1720615;1620615;150615;Accumulated impairment, accumulated changes in fair value due to credit risk and provisions on Loans and advances (including at amortised cost  and fair value) - by exposure
TR2019;NPE;NPE;1920616;1820616;1720616;1620616;150616;Accumulated impairment, accumulated changes in fair value due to credit risk and provisions on OFF-BALANCE SHEET EXPOSURES
TR2019;NPE;NPE;1920617;1820617;1720617;1620617;;Accumulated impairment, accumulated changes in fair value due to credit risk and provisions on Loans and advances / Non-financial corporations / of which: small and medium-sized enterprises at amortised cost
TR2019;NPE;NPE;1920621;1820621;1720621;1620621;150621;Collaterals and financial guarantees received on non-performing exposures on DEBT INSTRUMENTS other than HFT
TR2019;NPE;NPE;1920622;1820622;1720622;1620622;150622;Collaterals and financial guarantees received on non-performing exposures on Debt securities (including at amortised cost  and fair value)
TR2019;NPE;NPE;1920623;1820623;1720623;1620623;150623;Collaterals and financial guarantees received on non-performing exposures on Loans and advances (including at amortised cost  and fair value)
TR2019;NPE;NPE;1920624;1820624;1720624;1620624;150624;Collaterals and financial guarantees received on non-performing exposures on Debt securities (including at amortised cost  and fair value) - by exposure
TR2019;NPE;NPE;1920625;1820625;1720625;1620625;150625;Collaterals and financial guarantees received on non-performing exposures on Loans and advances (including at amortised cost  and fair value) - by exposure
TR2019;NPE;NPE;1920626;1820626;1720626;1620626;150626;Collaterals and financial guarantees received on non-performing exposures on OFF-BALANCE SHEET EXPOSURES
TR2019;NPE;NPE;1920627;1820627;1720627;1620627;;Collaterals and financial guarantees received on non-performing exposures on Loans and advances / Non-financial corporations / of which: small and medium-sized enterprises at amortised cost
TR2019;Forborne exposures;Forborne exposures;1920701;1820701;1720701;1620701;150701;Exposures with forbearance measures - Gross carrying amount on DEBT INSTRUMENTS other than HFT
TR2019;Forborne exposures;Forborne exposures;1920702;1820702;1720702;1620702;150702;Exposures with forbearance measures - Gross carrying amount on Debt securities (including at amortised cost  and fair value)
TR2019;Forborne exposures;Forborne exposures;1920703;1820703;1720703;1620703;150703;Exposures with forbearance measures - Gross carrying amount on Loans and advances (including at amortised cost  and fair value)
TR2019;Forborne exposures;Forborne exposures;1920704;1820704;1720704;1620704;150704;Exposures with forbearance measures - Gross carrying amount on Debt securities (including at amortised cost  and fair value) - by exposure
TR2019;Forborne exposures;Forborne exposures;1920705;1820705;1720705;1620705;150705;Exposures with forbearance measures - Gross carrying amount on Loans and advances (including at amortised cost  and fair value) - by exposure
TR2019;Forborne exposures;Forborne exposures;1920706;1820706;1720706;1620706;150706;Exposures with forbearance measures - Gross carrying amount on Loan commitments given
TR2019;Forborne exposures;Forborne exposures;1920707;1820707;1720707;1620707;;Exposures with forbearance measures - Gross carrying amount on Loans and advances / Non-financial corporations / of which: small and medium-sized enterprises at amortised cost
TR2019;Forborne exposures;Forborne exposures;1920711;1820711;1720711;1620711;150711;Exposures with forbearance measures - Accumulated impairment, accumulated changes in fair value due to credit risk and provisions on DEBT INSTRUMENTS other than HFT
TR2019;Forborne exposures;Forborne exposures;1920712;1820712;1720712;1620712;150712;Exposures with forbearance measures - Accumulated impairment, accumulated changes in fair value due to credit risk and provisions on Debt securities (including at amortised cost  and fair value)
TR2019;Forborne exposures;Forborne exposures;1920713;1820713;1720713;1620713;150713;Exposures with forbearance measures - Accumulated impairment, accumulated changes in fair value due to credit risk and provisions on Loans and advances (including at amortised cost  and fair value)
TR2019;Forborne exposures;Forborne exposures;1920714;1820714;1720714;1620714;150714;Exposures with forbearance measures - Accumulated impairment, accumulated changes in fair value due to credit risk and provisions on Debt securities (including at amortised cost  and fair value) - by exposure
TR2019;Forborne exposures;Forborne exposures;1920715;1820715;1720715;1620715;150715;Exposures with forbearance measures - Accumulated impairment, accumulated changes in fair value due to credit risk and provisions on Loans and advances (including at amortised cost  and fair value) - by exposure
TR2019;Forborne exposures;Forborne exposures;1920716;1820716;1720716;1620716;150716;Exposures with forbearance measures - Accumulated impairment, accumulated changes in fair value due to credit risk and provisions on Loan commitments given
TR2019;Forborne exposures;Forborne exposures;1920717;1820717;1720717;1620717;;Exposures with forbearance measures - Accumulated impairment, accumulated changes in fair value due to credit risk and provisions on Loans and advances / Non-financial corporations / of which: small and medium-sized enterprises at amortised cost
TR2019;Forborne exposures;Forborne exposures;1920721;1820721;1720721;1620721;150721;Exposures with forbearance measures - Collateral and financial guarantees received on DEBT INSTRUMENTS other than HFT
TR2019;Forborne exposures;Forborne exposures;1920722;1820722;1720722;1620722;150722;Exposures with forbearance measures - Collateral and financial guarantees received on Debt securities (including at amortised cost  and fair value)
TR2019;Forborne exposures;Forborne exposures;1920723;1820723;1720723;1620723;150723;Exposures with forbearance measures - Collateral and financial guarantees received on Loans and advances (including at amortised cost  and fair value)
TR2019;Forborne exposures;Forborne exposures;1920724;1820724;1720724;1620724;150724;Exposures with forbearance measures - Collateral and financial guarantees received on Debt securities (including at amortised cost  and fair value) - by exposure
TR2019;Forborne exposures;Forborne exposures;1920725;1820725;1720725;1620725;150725;Exposures with forbearance measures - Collateral and financial guarantees received on Loans and advances (including at amortised cost  and fair value) - by exposure
TR2019;Forborne exposures;Forborne exposures;1920726;1820726;1720726;1620726;150726;Exposures with forbearance measures - Collateral and financial guarantees received on Loan commitments given
TR2019;Forborne exposures;Forborne exposures;1920727;1820727;1720727;1620727;;Exposures with forbearance measures - Collateral and financial guarantees received on Loans and advances  / Non-financial corporations / of which: small and medium-sized enterprises at amortised cost
TR2019;Sovereign;Sovereign;1920810;1820810;;;;Direct exposures - On balance sheet - Total gross carrying amount of non-derivative financial assets
TR2019;Sovereign;Sovereign;1920811;1820811;;;;Direct exposures - On balance sheet - Total carrying amount of non-derivative financial assets (net of short positions)
TR2019;Sovereign;Sovereign;1920812;1820812;;;;Direct exposures - On balance sheet - Total gross carrying amount of non-derivative financial assets (net of short positions) of which: Financial assets held for trading
TR2019;Sovereign;Sovereign;1920813;1820813;;;;Direct exposures - On balance sheet - Total gross carrying amount of non-derivative financial assets (net of short positions) of which: Financial assets designated at fair value through profit or loss
TR2019;Sovereign;Sovereign;1920814;1820814;;;;Direct exposures - On balance sheet - Total gross carrying amount of non-derivative financial assets (net of short positions) of which: Financial assets at fair value through other comprehensive income
TR2019;Sovereign;Sovereign;1920815;1820815;;;;Direct exposures - On balance sheet - Total gross carrying amount of non-derivative financial assets (net of short positions) of which: Financial assets at amortised cost
TR2019;Sovereign;Sovereign;1920816;1820816;;;150908;Direct exposures - Derivatives - Derivatives with positive fair value  - Carrying amount
TR2019;Sovereign;Sovereign;1920817;1820817;;;150907;Direct exposures - Derivatives - Derivatives with positive fair value  - Notional amount
TR2019;Sovereign;Sovereign;1920818;1820818;;;150910;Direct exposures - Derivatives - Derivatives with negative fair value - Carrying amount
TR2019;Sovereign;Sovereign;1920819;1820819;;;150909;Direct exposures - Derivatives - Derivatives with negative fair value - Notional amount
TR2019;Sovereign;Sovereign;1920820;1820820;;;;Direct exposures - Off balance sheet  - Off-balance sheet exposures - Nominal
TR2019;Sovereign;Sovereign;1920821;1820821;;;;Direct exposures - Off balance sheet  - Off-balance sheet exposures - Provisions
TR2019;Sovereign;Sovereign;1920822;1820822;;;;Risk weighted exposure amount
TR2019;Leverage;Leverage;1920901;1820901;1720901;1620133;150130;Tier 1 capital - transitional definition
TR2019;Leverage;Leverage;1920902;1820902;1720902;;;Tier 1 capital - fully phased-in definition
TR2019;Leverage;Leverage;1920903;1820903;1720903;;151002;Total leverage ratio exposures - using a transitional definition of Tier 1 capital
TR2019;Leverage;Leverage;1920904;1820904;1720904;;;Total leverage ratio exposures - using a fully phased-in definition of Tier 1 capital
TR2019;Leverage;Leverage;1920905;1820905;1720905;;151003;Leverage ratio - using a transitional definition of Tier 1 capital
TR2019;Leverage;Leverage;1920906;1820906;1720906;;;Leverage ratio - using a fully phased-in definition of Tier 1 capital
TR2019;Assets;Assets;1921001;;;;;Cash, cash balances at central banks and other demand deposits
TR2019;Assets;Assets;1921002;;;;;Financial assets held for trading
TR2019;Assets;Assets;1921003;;;;;Non-trading financial assets mandatorily at fair value through profit or loss
TR2019;Assets;Assets;1921004;;;;;Financial assets designated at fair value through profit or loss
TR2019;Assets;Assets;1921005;;;;;Financial assets at fair value through other comprehensive income
TR2019;Assets;Assets;1921006;;;;;Financial assets at amortised cost
TR2019;Assets;Assets;1921007;;;;;Derivatives – Hedge accounting
TR2019;Assets;Assets;1921008;;;;;Fair value changes of the hedged items in portfolio hedge of interest rate risk
TR2019;Assets;Assets;1921009;;;;;Other assets
TR2019;Assets;Assets;1921010;;;;;Total Assets
TR2019;Assets;Assets;1921016;;;;;Gross carrying amount: Financial assets at fair value through other comprehensive income, Debt securities
TR2019;Assets;Assets;1921017;;;;;Gross carrying amount: Financial assets at fair value through other comprehensive income, Loans and advances
TR2019;Assets;Assets;1921018;;;;;Gross carrying amount: Financial assets at amortised cost, Debt securities
TR2019;Assets;Assets;1921019;;;;;Gross carrying amount: Financial assets at amortised cost, Loans and advances
TR2019;Assets;Assets;1921026;;;;;Accumulated impairment: Financial assets at fair value through other comprehensive income, Debt securities
TR2019;Assets;Assets;1921027;;;;;Accumulated impairment: Financial assets at fair value through other comprehensive income, Loans and advances
TR2019;Assets;Assets;1921028;;;;;Accumulated impairment: Financial assets at amortised cost, Debt securities
TR2019;Assets;Assets;1921029;;;;;Accumulated impairment: Financial assets at amortised cost, Loans and advances
