"Country";"Desc_country";"SSM";"LEI_Code";"Name";"Finrep";"Fin_year_end";"TE_19";"LEI_Code_TE19";"TE_18";"LEI_Code_TE18";"TR_17";"LEI_Code_17";"TR_16";"LEI_Code_TR16";"TR_15";"LEI_Code_TR15"
"AT";"Austria";"Yes";"529900IZ8TASAYR3A694";"Sberbank Europe AG";"Yes - IFRS";"31/12";"Y";"529900IZ8TASAYR3A694";"Y";"529900IZ8TASAYR3A694";"Y";"529900IZ8TASAYR3A694";"Y";"529900IZ8TASAYR3A694";"N";
"AT";"Austria";"Yes";"529900S9YO2JHTIIDG38";"BAWAG Group AG";"Yes - IFRS";"31/12";"Y";"529900S9YO2JHTIIDG38";"Y";"529900S9YO2JHTIIDG38";"Y";"5299004SNO5GECIBWJ18";"Y";"5299004SNO5GECIBWJ18";"Y";"5299004SNO5GECIBWJ18"
"AT";"Austria";"Yes";"529900XSTAE561178282";"Raiffeisenbankengruppe OÖ Verbund eGen";"Yes - IFRS";"31/12";"Y";"529900XSTAE561178282";"Y";"529900XSTAE561178282";"Y";"529900XSTAE561178282";"Y";"529900XSTAE561178282";"Y";"529900XSTAE561178282"
"AT";"Austria";"Yes";"9ZHRYM6F437SQJ6OUG95";"Raiffeisen Bank International AG";"Yes - IFRS";"31/12";"Y";"9ZHRYM6F437SQJ6OUG95";"Y";"9ZHRYM6F437SQJ6OUG95";"Y";"9ZHRYM6F437SQJ6OUG95";"N";;"N";
"AT";"Austria";"Yes";"AT0000000000043000VB";"Volksbanken Verbund";"Yes - IFRS";"31/12";"Y";"AT0000000000043000VB";"Y";"AT0000000000043000VB";"Y";"AT0000000000043000VB";"Y";"529900D4CD6DIB3CI904";"N";
"AT";"Austria";"Yes";"PQOH26KWDF7CG10L6792";"Erste Group Bank AG";"Yes - IFRS";"31/12";"Y";"PQOH26KWDF7CG10L6792";"Y";"PQOH26KWDF7CG10L6792";"Y";"PQOH26KWDF7CG10L6792";"Y";"PQOH26KWDF7CG10L6792";"Y";"PQOH26KWDF7CG10L6792"
"BE";"Belgium";"Yes";"213800X3Q9LSAKRUWY91";"KBC Groep";"Yes - IFRS";"31/12";"Y";"213800X3Q9LSAKRUWY91";"Y";"213800X3Q9LSAKRUWY91";"Y";"213800X3Q9LSAKRUWY91";"Y";"213800X3Q9LSAKRUWY91";"Y";"213800X3Q9LSAKRUWY91"
"BE";"Belgium";"Yes";"5493008QOCP58OLEN998";"Investeringsmaatschappij Argenta";"Yes - IFRS";"31/12";"Y";"5493008QOCP58OLEN998";"Y";"5493008QOCP58OLEN998";"Y";"5493008QOCP58OLEN998";"Y";"5493008QOCP58OLEN998";"Y";"5493008QOCP58OLEN998"
"BE";"Belgium";"Yes";"A5GWLFH3KM7YV2SFQL84";"Belfius Bank";"Yes - IFRS";"31/12";"Y";"A5GWLFH3KM7YV2SFQL84";"Y";"A5GWLFH3KM7YV2SFQL84";"Y";"A5GWLFH3KM7YV2SFQL84";"Y";"A5GWLFH3KM7YV2SFQL84";"Y";"A5GWLFH3KM7YV2SFQL84"
"BE";"Belgium";"Yes";"D3K6HXMBBB6SK9OXH394";"Dexia";"Yes - IFRS";"31/12";"Y";"D3K6HXMBBB6SK9OXH394";"Y";"D3K6HXMBBB6SK9OXH394";"Y";"D3K6HXMBBB6SK9OXH394";"Y";"D3K6HXMBBB6SK9OXH394";"Y";"D3K6HXMBBB6SK9OXH394"
"BE";"Belgium";"Yes";"LSGM84136ACA92XCN876";"AXA Bank Belgium";"Yes - IFRS";"31/12";"Y";"LSGM84136ACA92XCN876";"Y";"LSGM84136ACA92XCN876";"Y";"LSGM84136ACA92XCN876";"Y";"LSGM84136ACA92XCN876";"Y";"LSGM84136ACA92XCN876"
"BE";"Belgium";"Yes";"MMYX0N4ZEZ13Z4XCG897";"The Bank of New York Mellon";"Yes - IFRS";"31/12";"Y";"MMYX0N4ZEZ13Z4XCG897";"Y";"MMYX0N4ZEZ13Z4XCG897";"Y";"MMYX0N4ZEZ13Z4XCG897";"Y";"MMYX0N4ZEZ13Z4XCG897";"N";
"BG";"Bulgaria";"No";"549300UY81ESCZJ0GR95";"First Investment Bank";"Yes - IFRS";"31/12";"Y";"549300UY81ESCZJ0GR95";"Y";"549300UY81ESCZJ0GR95";"Y";"549300UY81ESCZJ0GR95";"Y";"549300UY81ESCZJ0GR95";"N";
"CY";"Cyprus";"Yes";"253400EBCBBVB9TUHN50";"RCB Bank Ltd";"No FINREP";"31/12";"Y";"253400EBCBBVB9TUHN50";"Y";"253400EBCBBVB9TUHN50";"Y";"253400EBCBBVB9TUHN50";"Y";"253400EBCBBVB9TUHN50";"N";
"CY";"Cyprus";"Yes";"635400L14KNHZXPUZM19";"Bank of Cyprus Holdings Public Limited Company";"Yes - IFRS";"31/12";"Y";"635400L14KNHZXPUZM19";"Y";"635400L14KNHZXPUZM19";"Y";"635400L14KNHZXPUZM19";"Y";"PQ0RAP85KK9Z75ONZW93";"Y";"PQ0RAP85KK9Z75ONZW93"
"CY";"Cyprus";"Yes";"CXUHEGU3MADZ2CEV7C11";"Hellenic Bank Public Company Ltd";"Yes - IFRS";"31/12";"Y";"CXUHEGU3MADZ2CEV7C11";"Y";"CXUHEGU3MADZ2CEV7C11";"Y";"CXUHEGU3MADZ2CEV7C11";"Y";"CXUHEGU3MADZ2CEV7C11";"Y";"CXUHEGU3MADZ2CEV7C11"
"DE";"Germany";"Yes";"0W2PZJM8XOY22M4GG883";"DekaBank Deutsche Girozentrale";"Yes - IFRS";"31/12";"Y";"0W2PZJM8XOY22M4GG883";"Y";"0W2PZJM8XOY22M4GG883";"Y";"0W2PZJM8XOY22M4GG883";"Y";"0W2PZJM8XOY22M4GG883";"Y";"0W2PZJM8XOY22M4GG883"
"DE";"Germany";"Yes";"391200EEGLNXBBCVKC73";"Erwerbsgesellschaft der S-Finanzgruppe mbH & Co. KG";"Yes - GAAP";"31/12";"Y";"391200EEGLNXBBCVKC73";"Y";"391200EEGLNXBBCVKC73";"Y";"391200EEGLNXBBCVKC73";"Y";"391200EEGLNXBBCVKC73";"Y";"391200EEGLNXBBCVKC73"
"DE";"Germany";"Yes";"5299007S3UH5RKUYDA52";"Deutsche Apotheker- und Ärztebank EG";"No FINREP";"31/12";"Y";"5299007S3UH5RKUYDA52";"Y";"5299007S3UH5RKUYDA52";"Y";"5299007S3UH5RKUYDA52";"Y";"5299007S3UH5RKUYDA52";"Y";"5299007S3UH5RKUYDA52"
"DE";"Germany";"Yes";"529900GJD3OQLRZCKW37";"Volkswagen Bank Gesellschaft mit beschränkter Haftung";"Yes - IFRS";"31/12";"Y";"529900GJD3OQLRZCKW37";"Y";"529900GJD3OQLRZCKW37";"N";;"N";;"N";
"DE";"Germany";"Yes";"529900GM944JT8YIRL63";"Münchener Hypothekenbank EG";"No FINREP";"31/12";"Y";"529900GM944JT8YIRL63";"Y";"529900GM944JT8YIRL63";"Y";"529900GM944JT8YIRL63";"Y";"529900GM944JT8YIRL63";"Y";"529900GM944JT8YIRL63"
"DE";"Germany";"Yes";"529900HNOAA1KXQJUQ27";"DZ BANK AG Deutsche Zentral-Genossenschaftsbank, Frankfurt am Main";"Yes - IFRS";"31/12";"Y";"529900HNOAA1KXQJUQ27";"Y";"529900HNOAA1KXQJUQ27";"Y";"529900HNOAA1KXQJUQ27";"Y";"529900HNOAA1KXQJUQ27";"Y";"529900HNOAA1KXQJUQ27"
"DE";"Germany";"Yes";"529900JZTYE3W7WQH904";"HASPA Finanzholding";"Yes - GAAP";"31/12";"Y";"529900JZTYE3W7WQH904";"Y";"529900JZTYE3W7WQH904";"Y";"529900JZTYE3W7WQH904";"Y";"529900JZTYE3W7WQH904";"Y";"529900JZTYE3W7WQH904"
"DE";"Germany";"Yes";"529900V3O1M5IHMOSF46";"State Street Europe Holdings Germany S.a.r.l. & Co. KG";"Yes - GAAP";"31/12";"Y";"529900V3O1M5IHMOSF46";"Y";"529900V3O1M5IHMOSF46";"Y";"529900V3O1M5IHMOSF46";"N";;"N";
"DE";"Germany";"Yes";"7LTWFZYICNSX8D621K86";"Deutsche Bank AG";"Yes - IFRS";"31/12";"Y";"7LTWFZYICNSX8D621K86";"Y";"7LTWFZYICNSX8D621K86";"Y";"7LTWFZYICNSX8D621K86";"Y";"7LTWFZYICNSX8D621K86";"Y";"7LTWFZYICNSX8D621K86"
"DE";"Germany";"Yes";"851WYGNLUQLFZBSYGB56";"COMMERZBANK Aktiengesellschaft";"Yes - IFRS";"31/12";"Y";"851WYGNLUQLFZBSYGB56";"Y";"851WYGNLUQLFZBSYGB56";"Y";"851WYGNLUQLFZBSYGB56";"Y";"851WYGNLUQLFZBSYGB56";"Y";"851WYGNLUQLFZBSYGB56"
"DE";"Germany";"Yes";"B81CK4ESI35472RHJ606";"Landesbank Baden-Württemberg";"Yes - IFRS";"31/12";"Y";"B81CK4ESI35472RHJ606";"Y";"B81CK4ESI35472RHJ606";"Y";"B81CK4ESI35472RHJ606";"Y";"B81CK4ESI35472RHJ606";"Y";"B81CK4ESI35472RHJ606"
"DE";"Germany";"Yes";"DIZES5CFO5K3I5R58746";"Landesbank Hessen-Thüringen Girozentrale";"Yes - IFRS";"31/12";"Y";"DIZES5CFO5K3I5R58746";"Y";"DIZES5CFO5K3I5R58746";"Y";"DIZES5CFO5K3I5R58746";"Y";"DIZES5CFO5K3I5R58746";"Y";"DIZES5CFO5K3I5R58746"
"DE";"Germany";"Yes";"DSNHHQ2B9X5N6OUJ1236";"Norddeutsche Landesbank -Girozentrale-";"Yes - IFRS";"31/12";"Y";"DSNHHQ2B9X5N6OUJ1236";"Y";"DSNHHQ2B9X5N6OUJ1236";"Y";"DSNHHQ2B9X5N6OUJ1236";"Y";"DSNHHQ2B9X5N6OUJ1236";"Y";"DSNHHQ2B9X5N6OUJ1236"
"DE";"Germany";"Yes";"DZZ47B9A52ZJ6LT6VV95";"Deutsche Pfandbriefbank AG";"Yes - IFRS";"31/12";"Y";"DZZ47B9A52ZJ6LT6VV95";"Y";"DZZ47B9A52ZJ6LT6VV95";"Y";"DZZ47B9A52ZJ6LT6VV95";"Y";"DZZ47B9A52ZJ6LT6VV95";"Y";"52990082YOVOZIC8QX60"
"DE";"Germany";"Yes";"EZKODONU5TYHW4PP1R34";"Aareal Bank AG";"Yes - IFRS";"31/12";"Y";"EZKODONU5TYHW4PP1R34";"Y";"EZKODONU5TYHW4PP1R34";"Y";"EZKODONU5TYHW4PP1R34";"Y";"EZKODONU5TYHW4PP1R34";"Y";"EZKODONU5TYHW4PP1R34"
"DE";"Germany";"Yes";"TUKDD90GPC79G1KOE162";"Hamburg Commercial Bank AG";"Yes - IFRS";"31/12";"Y";"TUKDD90GPC79G1KOE162";"Y";"529900OQ416JMY9LQO42";"Y";"529900OQ416JMY9LQO42";"N";;"N";
"DE";"Germany";"Yes";"VDYMYTQGZZ6DU0912C88";"Bayerische Landesbank";"Yes - IFRS";"31/12";"Y";"VDYMYTQGZZ6DU0912C88";"Y";"VDYMYTQGZZ6DU0912C88";"Y";"VDYMYTQGZZ6DU0912C88";"Y";"VDYMYTQGZZ6DU0912C88";"Y";"VDYMYTQGZZ6DU0912C88"
"DK";"Denmark";"No";"3M5E1GQGKL17HI6CPN30";"Jyske Bank A/S";"Yes - IFRS";"31/12";"Y";"3M5E1GQGKL17HI6CPN30";"Y";"3M5E1GQGKL17HI6CPN30";"Y";"3M5E1GQGKL17HI6CPN30";"Y";"3M5E1GQGKL17HI6CPN30";"Y";"3M5E1GQGKL17HI6CPN30"
"DK";"Denmark";"No";"GP5DT10VX1QRQUKVBK64";"Sydbank A/S";"Yes - IFRS";"31/12";"Y";"GP5DT10VX1QRQUKVBK64";"Y";"GP5DT10VX1QRQUKVBK64";"Y";"GP5DT10VX1QRQUKVBK64";"Y";"GP5DT10VX1QRQUKVBK64";"Y";"GP5DT10VX1QRQUKVBK64"
"DK";"Denmark";"No";"LIU16F6VZJSD6UKHD557";"Nykredit Realkredit A/S";"Yes - IFRS";"31/12";"Y";"LIU16F6VZJSD6UKHD557";"Y";"LIU16F6VZJSD6UKHD557";"Y";"LIU16F6VZJSD6UKHD557";"Y";"LIU16F6VZJSD6UKHD557";"Y";"LIU16F6VZJSD6UKHD557"
"DK";"Denmark";"No";"MAES062Z21O4RZ2U7M96";"Danske Bank A/S";"Yes - IFRS";"31/12";"Y";"MAES062Z21O4RZ2U7M96";"Y";"MAES062Z21O4RZ2U7M96";"Y";"MAES062Z21O4RZ2U7M96";"Y";"MAES062Z21O4RZ2U7M96";"Y";"MAES062Z21O4RZ2U7M96"
"EE";"Estonia";"Yes";"529900JG015JC10LED24";"AS LHV Group";"YES - IFRS";"31/12";"Y";"529900JG015JC10LED24";"Y";"529900JG015JC10LED24";"Y";"529900JG015JC10LED24";"N";;"N";
"EE";"Estonia";"Yes";"213800RZWHE5EUX9R444";"Luminor Holding AS";"Yes - IFRS";"31-Dec";"N";;"N";;"N";;"N";;"N";
"ES";"Spain";"Yes";"95980020140005881190";"Banco de Crédito Social Cooperativo, S.A.";"Yes - IFRS";"31/12";"Y";"95980020140005881190";"Y";"95980020140005881190";"Y";"95980020140005881190";"Y";"95980020140005881190";"Y";"95980020140005881190"
"ES";"Spain";"Yes";"5493006QMFDDMYWIAM13";"Banco Santander, S.A.";"Yes - IFRS";"31/12";"Y";"5493006QMFDDMYWIAM13";"Y";"5493006QMFDDMYWIAM13";"Y";"5493006QMFDDMYWIAM13";"Y";"5493006QMFDDMYWIAM13";"Y";"5493006QMFDDMYWIAM13"
"ES";"Spain";"Yes";"5493007SJLLCTM6J6M37";"Unicaja Banco, S.A.";"Yes - IFRS";"31/12";"Y";"5493007SJLLCTM6J6M37";"Y";"5493007SJLLCTM6J6M37";"Y";"5493007SJLLCTM6J6M37";"Y";"5493007SJLLCTM6J6M37";"Y";"5493007SJLLCTM6J6M37"
"ES";"Spain";"Yes";"549300GT0XFTFHGOIS94";"BFA Tenedora de Acciones, S.A.U.";"Yes - IFRS";"31/12";"Y";"549300GT0XFTFHGOIS94";"Y";"549300GT0XFTFHGOIS94";"Y";"549300GT0XFTFHGOIS94";"Y";"549300TJUHHEE8YXKI59";"Y";"549300TJUHHEE8YXKI59"
"ES";"Spain";"Yes";"549300OLBL49CW8CT155";"Ibercaja Banco, S.A.";"Yes - IFRS";"31/12";"Y";"549300OLBL49CW8CT155";"Y";"549300OLBL49CW8CT155";"Y";"549300OLBL49CW8CT155";"Y";"549300OLBL49CW8CT155";"Y";"549300OLBL49CW8CT155"
"ES";"Spain";"Yes";"549300U4LIZV0REEQQ46";"Kutxabank, S.A.";"Yes - IFRS";"31/12";"Y";"549300U4LIZV0REEQQ46";"Y";"549300U4LIZV0REEQQ46";"Y";"549300U4LIZV0REEQQ46";"Y";"549300U4LIZV0REEQQ46";"Y";"549300U4LIZV0REEQQ46"
"ES";"Spain";"Yes";"635400XT3V7WHLSFYY25";"Liberbank, S.A.";"Yes - IFRS";"31/12";"Y";"635400XT3V7WHLSFYY25";"Y";"635400XT3V7WHLSFYY25";"Y";"635400XT3V7WHLSFYY25";"Y";"635400XT3V7WHLSFYY25";"Y";"635400XT3V7WHLSFYY25"
"ES";"Spain";"Yes";"7CUNS533WID6K7DGFI87";"CaixaBank, S.A.";"Yes - IFRS";"31/12";"Y";"7CUNS533WID6K7DGFI87";"Y";"7CUNS533WID6K7DGFI87";"Y";"959800DQQUAMV0K08004";"Y";"959800DQQUAMV0K08004";"Y";"959800DQQUAMV0K08004"
"ES";"Spain";"Yes";"54930056IRBXK0Q1FP96";"Abanca Corporación Bancaria S.A.";"Yes - IFRS";"31/12";"Y";"9598003BP0LHPHDWV834";"Y";"9598003BP0LHPHDWV834";"Y";"9598003BP0LHPHDWV834";"Y";"9598003BP0LHPHDWV834";"Y";"95980020140005986047"
"ES";"Spain";"Yes";"K8MS7FD7N5Z2WQ51AZ71";"Banco Bilbao Vizcaya Argentaria, S.A.";"Yes - IFRS";"31/12";"Y";"K8MS7FD7N5Z2WQ51AZ71";"Y";"K8MS7FD7N5Z2WQ51AZ71";"Y";"K8MS7FD7N5Z2WQ51AZ71";"Y";"K8MS7FD7N5Z2WQ51AZ71";"Y";"K8MS7FD7N5Z2WQ51AZ71"
"ES";"Spain";"Yes";"SI5RG2M0WQQLZCXKRM20";"Banco de Sabadell, S.A.";"Yes - IFRS";"31/12";"Y";"SI5RG2M0WQQLZCXKRM20";"Y";"SI5RG2M0WQQLZCXKRM20";"Y";"SI5RG2M0WQQLZCXKRM20";"Y";"SI5RG2M0WQQLZCXKRM20";"Y";"SI5RG2M0WQQLZCXKRM20"
"ES";"Spain";"Yes";"VWMYAEQSTOPNV0SUGU82";"Bankinter, S.A.";"Yes - IFRS";"31/12";"Y";"VWMYAEQSTOPNV0SUGU82";"Y";"VWMYAEQSTOPNV0SUGU82";"Y";"VWMYAEQSTOPNV0SUGU82";"Y";"VWMYAEQSTOPNV0SUGU82";"Y";"VWMYAEQSTOPNV0SUGU82"
"FI";"Finland";"Yes";"529900HEKOENJHPNN480";"Kuntarahoitus Oyj";"Yes - IFRS";"31/12";"Y";"529900HEKOENJHPNN480";"Y";"529900HEKOENJHPNN480";"Y";"529900HEKOENJHPNN480";"Y";"529900HEKOENJHPNN480";"N";
"FI";"Finland";"Yes";"529900ODI3047E2LIV03";"Nordea Bank Abp";"Yes - IFRS";"31/12";"Y";"529900ODI3047E2LIV03";"N";;"N";;"N";;"N";
"FI";"Finland";"Yes";"7437003B5WFBOIEFY714";"OP Osuuskunta";"Yes - IFRS";"31/12";"Y";"7437003B5WFBOIEFY714";"Y";"7437003B5WFBOIEFY714";"Y";"7437003B5WFBOIEFY714";"Y";"7437003B5WFBOIEFY714";"Y";"7437003B5WFBOIEFY714"
"FI";"Finland";"Yes";"7437005892K69S3MW344";"Säästöpankkiliitto osk";"Yes - IFRS";"31/12";"Y";"7437005892K69S3MW344";"N";;"N";;"N";;"N";
"FR";"France";"Yes";"549300HFEHJOXGE4ZE63";"SFIL";"Yes - IFRS";"31/12";"Y";"549300HFEHJOXGE4ZE63";"Y";"549300HFEHJOXGE4ZE63";"Y";"549300HFEHJOXGE4ZE63";"Y";"549300HFEHJOXGE4ZE63";"Y";"549300HFEHJOXGE4ZE63"
"FR";"France";"Yes";"96950001WI712W7PQG45";"RCI Banque";"Yes - IFRS";"31/12";"Y";"96950001WI712W7PQG45";"Y";"96950001WI712W7PQG45";"Y";"96950001WI712W7PQG45";"Y";"96950001WI712W7PQG45";"Y";"96950001WI712W7PQG45"
"FR";"France";"Yes";"9695000CG7B84NLR5984";"Confédération Nationale du Crédit Mutuel";"Yes - IFRS";"31/12";"Y";"9695000CG7B84NLR5984";"Y";"9695000CG7B84NLR5984";"Y";"9695000CG7B84NLR5984";"Y";"9695000CG7B84NLR5984";"Y";"9695000CG7B84NLR5984"
"FR";"France";"Yes";"96950066U5XAAIRCPA78";"La Banque Postale";"Yes - IFRS";"31/12";"Y";"96950066U5XAAIRCPA78";"Y";"96950066U5XAAIRCPA78";"Y";"96950066U5XAAIRCPA78";"Y";"96950066U5XAAIRCPA78";"Y";"96950066U5XAAIRCPA78"
"FR";"France";"Yes";"969500TVVZM86W7W5I94";"C.R.H. - Caisse de refinancement de l'habitat";"No FINREP";"31/12";"Y";"969500TVVZM86W7W5I94";"Y";"969500TVVZM86W7W5I94";"Y";"969500TVVZM86W7W5I94";"Y";"969500TVVZM86W7W5I94";"Y";"969500TVVZM86W7W5I94"
"FR";"France";"Yes";"FR9695005MSX1OYEMGDF";"Groupe BPCE";"Yes - IFRS";"31/12";"Y";"FR9695005MSX1OYEMGDF";"Y";"FR9695005MSX1OYEMGDF";"Y";"FR9695005MSX1OYEMGDF";"Y";"FR9695005MSX1OYEMGDF";"Y";"9695005MSX1OYEMGDF46"
"FR";"France";"Yes";"FR969500TJ5KRTCJQWXH";"Groupe Crédit Agricole";"Yes - IFRS";"31/12";"Y";"FR969500TJ5KRTCJQWXH";"Y";"FR969500TJ5KRTCJQWXH";"Y";"FR969500TJ5KRTCJQWXH";"Y";"FR969500TJ5KRTCJQWXH";"Y";"969500TJ5KRTCJQWXH05"
"FR";"France";"Yes";"O2RNE8IBXP4R0TD8PU41";"Société générale";"Yes - IFRS";"31/12";"Y";"O2RNE8IBXP4R0TD8PU41";"Y";"O2RNE8IBXP4R0TD8PU41";"Y";"O2RNE8IBXP4R0TD8PU41";"Y";"O2RNE8IBXP4R0TD8PU41";"Y";"O2RNE8IBXP4R0TD8PU41"
"FR";"France";"Yes";"R0MUWSFPU8MPRO8K5P83";"BNP Paribas";"Yes - IFRS";"31/12";"Y";"R0MUWSFPU8MPRO8K5P83";"Y";"R0MUWSFPU8MPRO8K5P83";"Y";"R0MUWSFPU8MPRO8K5P83";"Y";"R0MUWSFPU8MPRO8K5P83";"Y";"R0MUWSFPU8MPRO8K5P83"
"FR";"France";"Yes";"R1IO4YJ0O79SMWVCHB58";"Banque centrale de compensation";"No FINREP";"31/12";"Y";"R1IO4YJ0O79SMWVCHB58";"Y";"R1IO4YJ0O79SMWVCHB58";"Y";"R1IO4YJ0O79SMWVCHB58";"Y";"R1IO4YJ0O79SMWVCHB58";"N";
"GR";"Greece";"Yes";"5299009N55YRQC69CN08";"Alpha Bank, S.A.";"Yes - IFRS";"31/12";"Y";"5299009N55YRQC69CN08";"Y";"5299009N55YRQC69CN08";"Y";"5299009N55YRQC69CN08";"Y";"5299009N55YRQC69CN08";"N";
"GR";"Greece";"Yes";"5UMCZOEYKCVFAW8ZLO05";"National Bank of Greece, S.A.";"Yes - IFRS";"31/12";"Y";"5UMCZOEYKCVFAW8ZLO05";"Y";"5UMCZOEYKCVFAW8ZLO05";"Y";"5UMCZOEYKCVFAW8ZLO05";"Y";"5UMCZOEYKCVFAW8ZLO05";"N";
"GR";"Greece";"Yes";"JEUVK5RWVJEN8W0C9M24";"Eurobank Ergasias, S.A.";"Yes - IFRS";"31/12";"Y";"JEUVK5RWVJEN8W0C9M24";"Y";"JEUVK5RWVJEN8W0C9M24";"Y";"JEUVK5RWVJEN8W0C9M24";"Y";"JEUVK5RWVJEN8W0C9M24";"N";
"GR";"Greece";"Yes";"M6AD1Y1KW32H8THQ6F76";"Piraeus Bank, S.A.";"Yes - IFRS";"31/12";"Y";"M6AD1Y1KW32H8THQ6F76";"Y";"M6AD1Y1KW32H8THQ6F76";"Y";"M6AD1Y1KW32H8THQ6F76";"Y";"M6AD1Y1KW32H8THQ6F76";"N";
"HU";"Hungary";"No";"529900W3MOO00A18X956";"OTP Bank Nyrt.";"Yes - IFRS";"31/12";"Y";"529900W3MOO00A18X956";"Y";"529900W3MOO00A18X956";"Y";"529900W3MOO00A18X956";"Y";"529900W3MOO00A18X956";"Y";"529900W3MOO00A18X956"
"IE";"Ireland";"Yes";"549300K7L8YW8M215U46";"Citibank Holdings Ireland Limited";"YES - IFRS";"31/12";"Y";"549300K7L8YW8M215U46";"Y";"549300K7L8YW8M215U46";"Y";"549300K7L8YW8M215U46";"N";;"N";
"IE";"Ireland";"Yes";"635400AKJBGNS5WNQL34";"AIB Group plc";"Yes - IFRS";"31/12";"Y";"635400AKJBGNS5WNQL34";"Y";"635400AKJBGNS5WNQL34";"Y";"3U8WV1YX2VMUHH7Z1Q21";"Y";"3U8WV1YX2VMUHH7Z1Q21";"Y";"3U8WV1YX2VMUHH7Z1Q21"
"IE";"Ireland";"Yes";"635400C8EK6DRI12LJ39";"Bank of Ireland Group plc";"Yes - IFRS";"31/12";"Y";"635400C8EK6DRI12LJ39";"Y";"635400C8EK6DRI12LJ39";"Y";"Q2GQA2KF6XJ24W42G291";"Y";"Q2GQA2KF6XJ24W42G291";"Y";"Q2GQA2KF6XJ24W42G291"
"IS";"Iceland";"No";"549300PZMFIQR79Q0T97";"Íslandsbanki hf.";"Yes - IFRS";"31/12";"Y";"549300PZMFIQR79Q0T97";"Y";"549300PZMFIQR79Q0T97";"N";;"N";;"N";
"IS";"Iceland";"No";"549300TLZPT6JELDWM92";"Landsbankinn hf.";"Yes - IFRS";"31/12";"Y";"549300TLZPT6JELDWM92";"Y";"549300TLZPT6JELDWM92";"N";;"N";;"N";
"IS";"Iceland";"No";"RIL4VBPDB0M7Z3KXSF19";"Arion banki hf";"Yes - IFRS";"31/12";"Y";"RIL4VBPDB0M7Z3KXSF19";"Y";"RIL4VBPDB0M7Z3KXSF19";"N";;"N";;"N";
"IT";"Italy";"Yes";"2W8N8UU78PMDQKZENC08";"Intesa Sanpaolo S.p.A.";"Yes - IFRS";"31/12";"Y";"2W8N8UU78PMDQKZENC08";"Y";"2W8N8UU78PMDQKZENC08";"Y";"2W8N8UU78PMDQKZENC08";"Y";"2W8N8UU78PMDQKZENC08";"Y";"2W8N8UU78PMDQKZENC08"
"IT";"Italy";"Yes";"549300TRUWO2CD2G5692";"UniCredit S.p.A.";"Yes - IFRS";"31/12";"Y";"549300TRUWO2CD2G5692";"Y";"549300TRUWO2CD2G5692";"Y";"549300TRUWO2CD2G5692";"Y";"549300TRUWO2CD2G5692";"Y";"549300TRUWO2CD2G5692"
"IT";"Italy";"Yes";"81560097964CBDAED282";"Unione di Banche Italiane S.p.A. ";"Yes - IFRS";"31/12";"Y";"81560097964CBDAED282";"Y";"81560097964CBDAED282";"Y";"81560097964CBDAED282";"Y";"81560097964CBDAED282";"Y";"81560097964CBDAED282"
"IT";"Italy";"Yes";"815600AD83B2B6317788";"Credito Emiliano Holding S.p.A.";"Yes - IFRS";"31/12";"Y";"815600AD83B2B6317788";"Y";"815600AD83B2B6317788";"Y";"815600AD83B2B6317788";"Y";"815600AD83B2B6317788";"Y";"815600AD83B2B6317788"
"IT";"Italy";"Yes";"815600E4E6DCD2D25E30";"Banco BPM S.p.A.";"Yes - IFRS";"31/12";"Y";"815600E4E6DCD2D25E30";"Y";"815600E4E6DCD2D25E30";"Y";"815600E4E6DCD2D25E30";"N";;"N";
"IT";"Italy";"Yes";"J48C8PCSJVUBR8KCW529";"Banca Popolare di Sondrio, Società Cooperativa per Azioni";"Yes - IFRS";"31/12";"Y";"J48C8PCSJVUBR8KCW529";"Y";"J48C8PCSJVUBR8KCW529";"Y";"J48C8PCSJVUBR8KCW529";"Y";"J48C8PCSJVUBR8KCW529";"Y";"J48C8PCSJVUBR8KCW529"
"IT";"Italy";"Yes";"J4CP7MHCXR8DAQMKIL78";"Banca Monte dei Paschi di Siena S.p.A.";"Yes - IFRS";"31/12";"Y";"J4CP7MHCXR8DAQMKIL78";"Y";"J4CP7MHCXR8DAQMKIL78";"Y";"J4CP7MHCXR8DAQMKIL78";"Y";"J4CP7MHCXR8DAQMKIL78";"Y";"J4CP7MHCXR8DAQMKIL78"
"IT";"Italy";"Yes";"LOO0AWXR8GF142JCO404";"Cassa Centrale Banca - Credito Cooperativo Italiano SpA";"Yes - IFRS";"31/12";"Y";"LOO0AWXR8GF142JCO404";"N";;"N";;"N";;"N";
"IT";"Italy";"Yes";"N747OI7JINV7RUUH6190";"BPER Banca S.p.A.";"Yes - IFRS";"31/12";"Y";"N747OI7JINV7RUUH6190";"Y";"N747OI7JINV7RUUH6190";"Y";"N747OI7JINV7RUUH6190";"Y";"N747OI7JINV7RUUH6190";"Y";"N747OI7JINV7RUUH6190"
"IT";"Italy";"Yes";"NNVPP80YIZGEY2314M97";"ICCREA Banca S.p.A. – Istituto Centrale del Credito Cooperativo";"Yes - IFRS";"31/12";"Y";"NNVPP80YIZGEY2314M97";"Y";"NNVPP80YIZGEY2314M97";"Y";"NNVPP80YIZGEY2314M97";"Y";"815600D79C96B9661149";"N";
"IT";"Italy";"Yes";"PSNL19R2RXX5U3QWHI44";"Mediobanca – Banca di Credito Finanziario S.p.A.";"Yes - IFRS";"30/06";"Y";"PSNL19R2RXX5U3QWHI44";"Y";"PSNL19R2RXX5U3QWHI44";"Y";"PSNL19R2RXX5U3QWHI44";"Y";"PSNL19R2RXX5U3QWHI44";"Y";"PSNL19R2RXX5U3QWHI44"
"LT";"Lithuania";"Yes";"549300TK038P6EV4YU51";"Akcine bendrove Šiauliu bankas";"Yes - IFRS";"31/12";"Y";"549300TK038P6EV4YU51";"N";;"N";;"N";;"N";
"LU";"Luxembourg";"Yes";"549300AUUQG072ATL746";"Precision Capital S.A.";"Yes - IFRS";"31/12";"Y";"549300AUUQG072ATL746";"Y";"549300AUUQG072ATL746";"Y";"549300AUUQG072ATL746";"Y";"549300AUUQG072ATL746";"Y";"549300AUUQG072ATL746"
"LU";"Luxembourg";"Yes";"549300IVXKQHV6O7PY61";"RBC Investor Services Bank S.A.";"Yes - IFRS";"31/12";"Y";"549300IVXKQHV6O7PY61";"Y";"549300IVXKQHV6O7PY61";"Y";"549300IVXKQHV6O7PY61";"Y";"549300IVXKQHV6O7PY61";"N";
"LU";"Luxembourg";"Yes";"7W1GMC6J4KGLBBUSYP52";"J.P. Morgan Bank Luxembourg S.A.";"No FINREP";"31/12";"Y";"7W1GMC6J4KGLBBUSYP52";"Y";"7W1GMC6J4KGLBBUSYP52";"Y";"7W1GMC6J4KGLBBUSYP52";"N";;"N";
"LU";"Luxembourg";"Yes";"9CZ7TVMR36CYD5TZBS50";"Banque Internationale à Luxembourg";"Yes - IFRS";"31/12";"Y";"9CZ7TVMR36CYD5TZBS50";"N";;"N";;"N";;"N";
"LU";"Luxembourg";"Yes";"R7CQUF1DQM73HUTV1078";"Banque et Caisse d’Epargne de l’Etat, Luxembourg";"No FINREP";"31/12";"Y";"R7CQUF1DQM73HUTV1078";"Y";"R7CQUF1DQM73HUTV1078";"Y";"R7CQUF1DQM73HUTV1078";"Y";"R7CQUF1DQM73HUTV1078";"Y";"R7CQUF1DQM73HUTV1078"
"LV";"Latvia";"Yes";"2138009Y59EAR7H1UO97";"Akciju sabiedriba ""Citadele banka""";"Yes - IFRS";"31/12";"Y";"2138009Y59EAR7H1UO97";"N";;"N";;"N";;"N";
"MT";"Malta";"Yes";"213800EUDXECGWMKKR98";"Commbank Europe Ltd";"No FINREP";"30/06";"Y";"213800EUDXECGWMKKR98";"Y";"213800EUDXECGWMKKR98";"Y";"213800EUDXECGWMKKR98";"Y";"213800EUDXECGWMKKR98";"N";
"MT";"Malta";"Yes";"213800TC9PZRBHMJW403";"MDB Group Limited";"Yes - IFRS";"31-Dec";"Y";"213800TC9PZRBHMJW403";"Y";"213800TC9PZRBHMJW403";"Y";"213800TC9PZRBHMJW403";"Y";"213800TC9PZRBHMJW403";"N";
"MT";"Malta";"Yes";"529900RWC8ZYB066JF16";"Bank of Valletta Plc";"Yes - IFRS";"31/12";"Y";"529900RWC8ZYB066JF16";"Y";"529900RWC8ZYB066JF16";"Y";"529900RWC8ZYB066JF16";"Y";"529900RWC8ZYB066JF16";"Y";"529900RWC8ZYB066JF16"
"NL";"Netherlands";"Yes";"529900GGYMNGRQTDOO93";"BNG Bank N.V.";"Yes - IFRS";"31/12";"Y";"529900GGYMNGRQTDOO93";"Y";"529900GGYMNGRQTDOO93";"Y";"529900GGYMNGRQTDOO93";"Y";"529900GGYMNGRQTDOO93";"Y";"529900GGYMNGRQTDOO93"
"NL";"Netherlands";"Yes";"549300NYKK9MWM7GGW15";"ING Groep N.V.";"Yes - IFRS";"31/12";"Y";"549300NYKK9MWM7GGW15";"Y";"549300NYKK9MWM7GGW15";"Y";"549300NYKK9MWM7GGW15";"Y";"549300NYKK9MWM7GGW15";"Y";"549300NYKK9MWM7GGW15"
"NL";"Netherlands";"Yes";"724500A1FNICHSDF2I11";"de Volksbank N.V.";"Yes - IFRS";"31/12";"Y";"724500A1FNICHSDF2I11";"Y";"724500VLXQUMMD5BJB61";"Y";"724500VLXQUMMD5BJB61";"Y";"724500VLXQUMMD5BJB61";"Y";"72450032NPOX5UJQTI97"
"NL";"Netherlands";"Yes";"BFXS5XCH7N0Y05NIXW11";"ABN AMRO Bank N.V.";"Yes - IFRS";"31/12";"Y";"BFXS5XCH7N0Y05NIXW11";"N";;"N";;"N";;"N";
"NL";"Netherlands";"Yes";"DG3RU1DBUFHT4ZF9WN62";"Coöperatieve Rabobank U.A.";"Yes - IFRS";"31/12";"Y";"DG3RU1DBUFHT4ZF9WN62";"Y";"DG3RU1DBUFHT4ZF9WN62";"Y";"DG3RU1DBUFHT4ZF9WN62";"Y";"DG3RU1DBUFHT4ZF9WN62";"Y";"DG3RU1DBUFHT4ZF9WN62"
"NL";"Netherlands";"Yes";"JLP5FSPH9WPSHY3NIM24";"Nederlandse Waterschapsbank N.V.";"No FINREP";"31/12";"Y";"JLP5FSPH9WPSHY3NIM24";"Y";"JLP5FSPH9WPSHY3NIM24";"Y";"JLP5FSPH9WPSHY3NIM24";"Y";"JLP5FSPH9WPSHY3NIM24";"Y";"JLP5FSPH9WPSHY3NIM24"
"NO";"Norway";"No";"549300GKFG0RYRRQ1414";"DNB BANK ASA";"Yes - IFRS";"31/12";"Y";"549300GKFG0RYRRQ1414";"Y";"549300GKFG0RYRRQ1414";"Y";"549300GKFG0RYRRQ1414";"Y";"549300GKFG0RYRRQ1414";"Y";"549300GKFG0RYRRQ1414"
"NO";"Norway";"No";"549300Q3OIWRHQUQM052";"SPAREBANK 1 SR-BANK ASA";"Yes - IFRS";"31/12";"Y";"549300Q3OIWRHQUQM052";"Y";"549300Q3OIWRHQUQM052";"Y";"549300Q3OIWRHQUQM052";"Y";"549300Q3OIWRHQUQM052";"N";
"NO";"Norway";"No";"7V6Z97IO7R1SEAO84Q32";"SPAREBANK 1 SMN";"Yes - IFRS";"31/12";"Y";"7V6Z97IO7R1SEAO84Q32";"Y";"7V6Z97IO7R1SEAO84Q32";"Y";"7V6Z97IO7R1SEAO84Q32";"N";;"N";
"PL";"Poland";"No";"5493000LKS7B3UTF7H35";"Bank Polska Kasa Opieki SA";"Yes - IFRS";"31/12";"Y";"5493000LKS7B3UTF7H35";"Y";"5493000LKS7B3UTF7H35";"Y";"5493000LKS7B3UTF7H35";"N";;"N";
"PL";"Poland";"No";"P4GTT6GF1W40CVIMFR43";"Powszechna Kasa Oszczednosci Bank Polski SA";"Yes - IFRS";"31/12";"Y";"P4GTT6GF1W40CVIMFR43";"Y";"P4GTT6GF1W40CVIMFR43";"Y";"P4GTT6GF1W40CVIMFR43";"Y";"P4GTT6GF1W40CVIMFR43";"Y";"P4GTT6GF1W40CVIMFR43"
"PT";"Portugal";"Yes";"2138004FIUXU3B2MR537";"Caixa Económica Montepio Geral, Caixa Económica Bancária, S.A.";"Yes - IFRS";"31/12";"Y";"2138004FIUXU3B2MR537";"Y";"2138004FIUXU3B2MR537";"Y";"2138004FIUXU3B2MR537";"Y";"2138004FIUXU3B2MR537";"N";
"PT";"Portugal";"Yes";"222100K6QL2V4MLHWQ08";"LSF Nani Investments S.à r.l.";"Yes - IFRS";"31/12";"Y";"222100K6QL2V4MLHWQ08";"N";;"N";;"N";;"N";
"PT";"Portugal";"Yes";"529900H2MBEC07BLTB26";"Caixa Central - Caixa Central de Crédito Agrícola Mútuo, CRL";"Yes - IFRS";"31/12";"Y";"529900H2MBEC07BLTB26";"Y";"529900H2MBEC07BLTB26";"Y";"529900H2MBEC07BLTB26";"Y";"529900H2MBEC07BLTB26";"N";
"PT";"Portugal";"Yes";"JU1U6S0DG9YLT7N8ZV32";"Banco Comercial Português, SA";"Yes - IFRS";"31/12";"Y";"JU1U6S0DG9YLT7N8ZV32";"Y";"JU1U6S0DG9YLT7N8ZV32";"Y";"JU1U6S0DG9YLT7N8ZV32";"Y";"JU1U6S0DG9YLT7N8ZV32";"Y";"JU1U6S0DG9YLT7N8ZV32"
"PT";"Portugal";"Yes";"TO822O0VT80V06K0FH57";"Caixa Geral de Depósitos, SA";"Yes - IFRS";"31/12";"Y";"TO822O0VT80V06K0FH57";"Y";"TO822O0VT80V06K0FH57";"Y";"TO822O0VT80V06K0FH57";"Y";"TO822O0VT80V06K0FH57";"Y";"TO822O0VT80V06K0FH57"
"RO";"Romania";"No";"549300RG3H390KEL8896";"Banca Transilvania";"Yes - IFRS";"31/12";"Y";"549300RG3H390KEL8896";"Y";"549300RG3H390KEL8896";"Y";"549300RG3H390KEL8896";"Y";"549300RG3H390KEL8896";"N";
"SE";"Sweden";"No";"549300C6TUMDXNOVXS82";"Länsförsäkringar Bank AB - group";"Yes - IFRS";"31/12";"Y";"549300C6TUMDXNOVXS82";"Y";"549300C6TUMDXNOVXS82";"Y";"549300C6TUMDXNOVXS82";"N";;"N";
"SE";"Sweden";"No";"EV2XZWMLLXF2QRX0CD47";"Kommuninvest - group";"Yes - IFRS";"31/12";"Y";"EV2XZWMLLXF2QRX0CD47";"Y";"EV2XZWMLLXF2QRX0CD47";"Y";"EV2XZWMLLXF2QRX0CD47";"Y";"EV2XZWMLLXF2QRX0CD47";"N";
"SE";"Sweden";"No";"F3JS33DEI6XQ4ZBPTN86";"Skandinaviska Enskilda Banken - group";"Yes - IFRS";"31/12";"Y";"F3JS33DEI6XQ4ZBPTN86";"Y";"F3JS33DEI6XQ4ZBPTN86";"Y";"F3JS33DEI6XQ4ZBPTN86";"Y";"F3JS33DEI6XQ4ZBPTN86";"Y";"F3JS33DEI6XQ4ZBPTN86"
"SE";"Sweden";"No";"H0YX5LBGKDVOWCXBZ594";"SBAB Bank AB - group";"Yes - IFRS";"31/12";"Y";"H0YX5LBGKDVOWCXBZ594";"Y";"H0YX5LBGKDVOWCXBZ594";"Y";"H0YX5LBGKDVOWCXBZ594";"Y";"H0YX5LBGKDVOWCXBZ594";"N";
"SE";"Sweden";"No";"M312WZV08Y7LYUC71685";"Swedbank - group";"Yes - IFRS";"31/12";"Y";"M312WZV08Y7LYUC71685";"Y";"M312WZV08Y7LYUC71685";"Y";"M312WZV08Y7LYUC71685";"Y";"M312WZV08Y7LYUC71685";"Y";"M312WZV08Y7LYUC71685"
"SE";"Sweden";"No";"NHBDILHZTYCNBV5UYZ31";"Svenska Handelsbanken - group";"Yes - IFRS";"31/12";"Y";"NHBDILHZTYCNBV5UYZ31";"Y";"NHBDILHZTYCNBV5UYZ31";"Y";"NHBDILHZTYCNBV5UYZ31";"Y";"NHBDILHZTYCNBV5UYZ31";"Y";"NHBDILHZTYCNBV5UYZ31"
"SI";"Slovenia";"Yes";"5493001BABFV7P27OW30";"Nova Ljubljanska Banka d.d., Ljubljana";"Yes - IFRS";"31/12";"Y";"5493001BABFV7P27OW30";"Y";"5493001BABFV7P27OW30";"Y";"5493001BABFV7P27OW30";"Y";"5493001BABFV7P27OW30";"Y";"5493001BABFV7P27OW30"
"GB";"United Kingdom";"No";"2138005O9XJIJN4JPN90";"The Royal Bank of Scotland Group Public Limited Company";"Yes - IFRS";"31/12";"Y";"2138005O9XJIJN4JPN90";"Y";"2138005O9XJIJN4JPN90";"Y";"2138005O9XJIJN4JPN90";"Y";"2138005O9XJIJN4JPN90";"Y";"2138005O9XJIJN4JPN90"
"GB";"United Kingdom";"No";"549300PPXHEU2JF0AM85";"Lloyds Banking Group Plc";"Yes - IFRS";"31/12";"Y";"549300PPXHEU2JF0AM85";"Y";"549300PPXHEU2JF0AM85";"Y";"549300PPXHEU2JF0AM85";"Y";"549300PPXHEU2JF0AM85";"Y";"549300PPXHEU2JF0AM85"
"GB";"United Kingdom";"No";"549300XFX12G42QIKN82";"Nationwide Building Society";"Yes - IFRS";"04/04";"Y";"549300XFX12G42QIKN82";"Y";"549300XFX12G42QIKN82";"Y";"549300XFX12G42QIKN82";"N";;"N";
"GB";"United Kingdom";"No";"G5GSEF7VJP5I7OUK5573";"Barclays Plc";"Yes - IFRS";"31/12";"Y";"G5GSEF7VJP5I7OUK5573";"Y";"G5GSEF7VJP5I7OUK5573";"Y";"G5GSEF7VJP5I7OUK5573";"Y";"G5GSEF7VJP5I7OUK5573";"Y";"G5GSEF7VJP5I7OUK5573"
"GB";"United Kingdom";"No";"MLU0ZO3ML4LN2LL2TL39";"HSBC Holdings Plc";"Yes - IFRS";"31/12";"Y";"MLU0ZO3ML4LN2LL2TL39";"Y";"MLU0ZO3ML4LN2LL2TL39";"Y";"MLU0ZO3ML4LN2LL2TL39";"Y";"MLU0ZO3ML4LN2LL2TL39";"Y";"MLU0ZO3ML4LN2LL2TL39"
"GB";"United Kingdom";"No";"U4LOSYZ7YG4W3S5F2G91";"Standard Chartered Plc";"Yes - IFRS";"31/12";"Y";"U4LOSYZ7YG4W3S5F2G91";"Y";"U4LOSYZ7YG4W3S5F2G91";"Y";"U4LOSYZ7YG4W3S5F2G91";"N";;"N";
"OT";"Other";"No";"xxxxxxxxxxxxxxxxxxxx";"All other banks";;;"Y";"xxxxxxxxxxxxxxxxxxxx";"Y";"xxxxxxxxxxxxxxxxxxxx";"Y";"xxxxxxxxxxxxxxxxxxxx";"Y";"xxxxxxxxxxxxxxxxxxxx";"N";
